2017-09-09,A
2017-09-09,AAL
2017-09-09,AAP
2017-09-09,AAPL
2017-09-09,ABBV
2017-09-09,ABC
2017-09-09,ABT
2017-09-09,ACN
2017-09-09,ADBE
2017-09-09,ADI
2017-09-09,ADM
2017-09-09,ADP
2017-09-09,ADS
2017-09-09,ADSK
2017-09-09,AEE
2017-09-09,AEP
2017-09-09,AES
2017-09-09,AET
2017-09-09,AFL
2017-09-09,AGN
2017-09-09,AIG
2017-09-09,AIV
2017-09-09,AIZ
2017-09-09,AJG
2017-09-09,AKAM
2017-09-09,ALB
2017-09-09,ALGN
2017-09-09,ALK
2017-09-09,ALL
2017-09-09,ALLE
2017-09-09,ALXN
2017-09-09,AMAT
2017-09-09,AMD
2017-09-09,AME
2017-09-09,AMG
2017-09-09,AMGN
2017-09-09,AMP
2017-09-09,AMT
2017-09-09,AMZN
2017-09-09,ANDV
2017-09-09,ANSS
2017-09-09,ANTM
2017-09-09,AON
2017-09-09,AOS
2017-09-09,APA
2017-09-09,APC
2017-09-09,APD
2017-09-09,APH
2017-09-09,ARE
2017-09-09,ARNC
2017-09-09,ATVI
2017-09-09,AVB
2017-09-09,AVGO
2017-09-09,AVY
2017-09-09,AWK
2017-09-09,AXP
2017-09-09,AYI
2017-09-09,AZO
2017-09-09,BA
2017-09-09,BAC
2017-09-09,BAX
2017-09-09,BBT
2017-09-09,BBY
2017-09-09,BCR
2017-09-09,BDX
2017-09-09,BEN
2017-09-09,BF-B
2017-09-09,BHF
2017-09-09,BHGE
2017-09-09,BIIB
2017-09-09,BK
2017-09-09,BLK
2017-09-09,BLL
2017-09-09,BMY
2017-09-09,BRK-B
2017-09-09,BSX
2017-09-09,BWA
2017-09-09,BXP
2017-09-09,C
2017-09-09,CA
2017-09-09,CAG
2017-09-09,CAH
2017-09-09,CAT
2017-09-09,CB
2017-09-09,CBG
2017-09-09,CBOE
2017-09-09,CBS
2017-09-09,CCI
2017-09-09,CCL
2017-09-09,CELG
2017-09-09,CERN
2017-09-09,CF
2017-09-09,CFG
2017-09-09,CHD
2017-09-09,CHK
2017-09-09,CHRW
2017-09-09,CHTR
2017-09-09,CI
2017-09-09,CINF
2017-09-09,CL
2017-09-09,CLX
2017-09-09,CMA
2017-09-09,CMCSA
2017-09-09,CME
2017-09-09,CMG
2017-09-09,CMI
2017-09-09,CMS
2017-09-09,CNC
2017-09-09,CNP
2017-09-09,COF
2017-09-09,COG
2017-09-09,COH
2017-09-09,COL
2017-09-09,COO
2017-09-09,COP
2017-09-09,COST
2017-09-09,COTY
2017-09-09,CPB
2017-09-09,CRM
2017-09-09,CSCO
2017-09-09,CSRA
2017-09-09,CSX
2017-09-09,CTAS
2017-09-09,CTL
2017-09-09,CTSH
2017-09-09,CTXS
2017-09-09,CVS
2017-09-09,CVX
2017-09-09,CXO
2017-09-09,D
2017-09-09,DAL
2017-09-09,DE
2017-09-09,DFS
2017-09-09,DG
2017-09-09,DGX
2017-09-09,DHI
2017-09-09,DHR
2017-09-09,DIS
2017-09-09,DISCA
2017-09-09,DISCK
2017-09-09,DISH
2017-09-09,DLPH
2017-09-09,DLR
2017-09-09,DLTR
2017-09-09,DOV
2017-09-09,DPS
2017-09-09,DRE
2017-09-09,DRI
2017-09-09,DTE
2017-09-09,DUK
2017-09-09,DVA
2017-09-09,DVN
2017-09-09,DWDP
2017-09-09,DXC
2017-09-09,EA
2017-09-09,EBAY
2017-09-09,ECL
2017-09-09,ED
2017-09-09,EFX
2017-09-09,EIX
2017-09-09,EL
2017-09-09,EMN
2017-09-09,EMR
2017-09-09,EOG
2017-09-09,EQIX
2017-09-09,EQR
2017-09-09,EQT
2017-09-09,ES
2017-09-09,ESRX
2017-09-09,ESS
2017-09-09,ETFC
2017-09-09,ETN
2017-09-09,ETR
2017-09-09,EVHC
2017-09-09,EW
2017-09-09,EXC
2017-09-09,EXPD
2017-09-09,EXPE
2017-09-09,EXR
2017-09-09,F
2017-09-09,FAST
2017-09-09,FB
2017-09-09,FBHS
2017-09-09,FCX
2017-09-09,FDX
2017-09-09,FE
2017-09-09,FFIV
2017-09-09,FIS
2017-09-09,FISV
2017-09-09,FITB
2017-09-09,FL
2017-09-09,FLIR
2017-09-09,FLR
2017-09-09,FLS
2017-09-09,FMC
2017-09-09,FOX
2017-09-09,FOXA
2017-09-09,FRT
2017-09-09,FTI
2017-09-09,FTV
2017-09-09,GD
2017-09-09,GE
2017-09-09,GGP
2017-09-09,GILD
2017-09-09,GIS
2017-09-09,GLW
2017-09-09,GM
2017-09-09,GOOG
2017-09-09,GOOGL
2017-09-09,GPC
2017-09-09,GPN
2017-09-09,GPS
2017-09-09,GRMN
2017-09-09,GS
2017-09-09,GT
2017-09-09,GWW
2017-09-09,HAL
2017-09-09,HAS
2017-09-09,HBAN
2017-09-09,HBI
2017-09-09,HCA
2017-09-09,HCN
2017-09-09,HCP
2017-09-09,HD
2017-09-09,HES
2017-09-09,HIG
2017-09-09,HLT
2017-09-09,HOG
2017-09-09,HOLX
2017-09-09,HON
2017-09-09,HP
2017-09-09,HPE
2017-09-09,HPQ
2017-09-09,HRB
2017-09-09,HRL
2017-09-09,HRS
2017-09-09,HSIC
2017-09-09,HST
2017-09-09,HSY
2017-09-09,HUM
2017-09-09,IBM
2017-09-09,ICE
2017-09-09,IDXX
2017-09-09,IFF
2017-09-09,ILMN
2017-09-09,INCY
2017-09-09,INFO
2017-09-09,INTC
2017-09-09,INTU
2017-09-09,IP
2017-09-09,IPG
2017-09-09,IR
2017-09-09,IRM
2017-09-09,ISRG
2017-09-09,IT
2017-09-09,ITW
2017-09-09,IVZ
2017-09-09,JBHT
2017-09-09,JCI
2017-09-09,JEC
2017-09-09,JNJ
2017-09-09,JNPR
2017-09-09,JPM
2017-09-09,JWN
2017-09-09,K
2017-09-09,KEY
2017-09-09,KHC
2017-09-09,KIM
2017-09-09,KLAC
2017-09-09,KMB
2017-09-09,KMI
2017-09-09,KMX
2017-09-09,KO
2017-09-09,KORS
2017-09-09,KR
2017-09-09,KSS
2017-09-09,KSU
2017-09-09,L
2017-09-09,LB
2017-09-09,LEG
2017-09-09,LEN
2017-09-09,LH
2017-09-09,LKQ
2017-09-09,LLL
2017-09-09,LLY
2017-09-09,LMT
2017-09-09,LNC
2017-09-09,LNT
2017-09-09,LOW
2017-09-09,LRCX
2017-09-09,LUK
2017-09-09,LUV
2017-09-09,LVLT
2017-09-09,LYB
2017-09-09,M
2017-09-09,MA
2017-09-09,MAA
2017-09-09,MAC
2017-09-09,MAR
2017-09-09,MAS
2017-09-09,MAT
2017-09-09,MCD
2017-09-09,MCHP
2017-09-09,MCK
2017-09-09,MCO
2017-09-09,MDLZ
2017-09-09,MDT
2017-09-09,MET
2017-09-09,MGM
2017-09-09,MHK
2017-09-09,MKC
2017-09-09,MLM
2017-09-09,MMC
2017-09-09,MMM
2017-09-09,MNST
2017-09-09,MO
2017-09-09,MON
2017-09-09,MOS
2017-09-09,MPC
2017-09-09,MRK
2017-09-09,MRO
2017-09-09,MS
2017-09-09,MSFT
2017-09-09,MSI
2017-09-09,MTB
2017-09-09,MTD
2017-09-09,MU
2017-09-09,MYL
2017-09-09,NAVI
2017-09-09,NBL
2017-09-09,NDAQ
2017-09-09,NEE
2017-09-09,NEM
2017-09-09,NFLX
2017-09-09,NFX
2017-09-09,NI
2017-09-09,NKE
2017-09-09,NLSN
2017-09-09,NOC
2017-09-09,NOV
2017-09-09,NRG
2017-09-09,NSC
2017-09-09,NTAP
2017-09-09,NTRS
2017-09-09,NUE
2017-09-09,NVDA
2017-09-09,NWL
2017-09-09,NWS
2017-09-09,NWSA
2017-09-09,O
2017-09-09,OKE
2017-09-09,OMC
2017-09-09,ORCL
2017-09-09,ORLY
2017-09-09,OXY
2017-09-09,PAYX
2017-09-09,PBCT
2017-09-09,PCAR
2017-09-09,PCG
2017-09-09,PCLN
2017-09-09,PDCO
2017-09-09,PEG
2017-09-09,PEP
2017-09-09,PFE
2017-09-09,PFG
2017-09-09,PG
2017-09-09,PGR
2017-09-09,PH
2017-09-09,PHM
2017-09-09,PKG
2017-09-09,PKI
2017-09-09,PLD
2017-09-09,PM
2017-09-09,PNC
2017-09-09,PNR
2017-09-09,PNW
2017-09-09,PPG
2017-09-09,PPL
2017-09-09,PRGO
2017-09-09,PRU
2017-09-09,PSA
2017-09-09,PSX
2017-09-09,PVH
2017-09-09,PWR
2017-09-09,PX
2017-09-09,PXD
2017-09-09,PYPL
2017-09-09,Q
2017-09-09,QCOM
2017-09-09,QRVO
2017-09-09,RCL
2017-09-09,RE
2017-09-09,REG
2017-09-09,REGN
2017-09-09,RF
2017-09-09,RHI
2017-09-09,RHT
2017-09-09,RJF
2017-09-09,RL
2017-09-09,RMD
2017-09-09,ROK
2017-09-09,ROP
2017-09-09,ROST
2017-09-09,RRC
2017-09-09,RSG
2017-09-09,RTN
2017-09-09,SBAC
2017-09-09,SBUX
2017-09-09,SCG
2017-09-09,SCHW
2017-09-09,SEE
2017-09-09,SHW
2017-09-09,SIG
2017-09-09,SJM
2017-09-09,SLB
2017-09-09,SLG
2017-09-09,SNA
2017-09-09,SNI
2017-09-09,SNPS
2017-09-09,SO
2017-09-09,SPG
2017-09-09,SPGI
2017-09-09,SPLS
2017-09-09,SRCL
2017-09-09,SRE
2017-09-09,STI
2017-09-09,STT
2017-09-09,STX
2017-09-09,STZ
2017-09-09,SWK
2017-09-09,SWKS
2017-09-09,SYF
2017-09-09,SYK
2017-09-09,SYMC
2017-09-09,SYY
2017-09-09,T
2017-09-09,TAP
2017-09-09,TDG
2017-09-09,TEL
2017-09-09,TGT
2017-09-09,TIF
2017-09-09,TJX
2017-09-09,TMK
2017-09-09,TMO
2017-09-09,TRIP
2017-09-09,TROW
2017-09-09,TRV
2017-09-09,TSCO
2017-09-09,TSN
2017-09-09,TSS
2017-09-09,TWX
2017-09-09,TXN
2017-09-09,TXT
2017-09-09,UA
2017-09-09,UAA
2017-09-09,UAL
2017-09-09,UDR
2017-09-09,UHS
2017-09-09,ULTA
2017-09-09,UNH
2017-09-09,UNM
2017-09-09,UNP
2017-09-09,UPS
2017-09-09,URI
2017-09-09,USB
2017-09-09,UTX
2017-09-09,V
2017-09-09,VAR
2017-09-09,VFC
2017-09-09,VIAB
2017-09-09,VLO
2017-09-09,VMC
2017-09-09,VNO
2017-09-09,VRSK
2017-09-09,VRSN
2017-09-09,VRTX
2017-09-09,VTR
2017-09-09,VZ
2017-09-09,WAT
2017-09-09,WBA
2017-09-09,WDC
2017-09-09,WEC
2017-09-09,WFC
2017-09-09,WHR
2017-09-09,WLTW
2017-09-09,WM
2017-09-09,WMB
2017-09-09,WMT
2017-09-09,WRK
2017-09-09,WU
2017-09-09,WY
2017-09-09,WYN
2017-09-09,WYNN
2017-09-09,XEC
2017-09-09,XEL
2017-09-09,XL
2017-09-09,XLNX
2017-09-09,XOM
2017-09-09,XRAY
2017-09-09,XRX
2017-09-09,XYL
2017-09-09,YUM
2017-09-09,ZBH
2017-09-09,ZION
2017-09-09,ZTS
2017-09-10,A
2017-09-10,AAL
2017-09-10,AAP
2017-09-10,AAPL
2017-09-10,ABBV
2017-09-10,ABC
2017-09-10,ABT
2017-09-10,ACN
2017-09-10,ADBE
2017-09-10,ADI
2017-09-10,ADM
2017-09-10,ADP
2017-09-10,ADS
2017-09-10,ADSK
2017-09-10,AEE
2017-09-10,AEP
2017-09-10,AES
2017-09-10,AET
2017-09-10,AFL
2017-09-10,AGN
2017-09-10,AIG
2017-09-10,AIV
2017-09-10,AIZ
2017-09-10,AJG
2017-09-10,AKAM
2017-09-10,ALB
2017-09-10,ALGN
2017-09-10,ALK
2017-09-10,ALL
2017-09-10,ALLE
2017-09-10,ALXN
2017-09-10,AMAT
2017-09-10,AMD
2017-09-10,AME
2017-09-10,AMG
2017-09-10,AMGN
2017-09-10,AMP
2017-09-10,AMT
2017-09-10,AMZN
2017-09-10,ANDV
2017-09-10,ANSS
2017-09-10,ANTM
2017-09-10,AON
2017-09-10,AOS
2017-09-10,APA
2017-09-10,APC
2017-09-10,APD
2017-09-10,APH
2017-09-10,ARE
2017-09-10,ARNC
2017-09-10,ATVI
2017-09-10,AVB
2017-09-10,AVGO
2017-09-10,AVY
2017-09-10,AWK
2017-09-10,AXP
2017-09-10,AYI
2017-09-10,AZO
2017-09-10,BA
2017-09-10,BAC
2017-09-10,BAX
2017-09-10,BBT
2017-09-10,BBY
2017-09-10,BCR
2017-09-10,BDX
2017-09-10,BEN
2017-09-10,BF-B
2017-09-10,BHF
2017-09-10,BHGE
2017-09-10,BIIB
2017-09-10,BK
2017-09-10,BLK
2017-09-10,BLL
2017-09-10,BMY
2017-09-10,BRK-B
2017-09-10,BSX
2017-09-10,BWA
2017-09-10,BXP
2017-09-10,C
2017-09-10,CA
2017-09-10,CAG
2017-09-10,CAH
2017-09-10,CAT
2017-09-10,CB
2017-09-10,CBG
2017-09-10,CBOE
2017-09-10,CBS
2017-09-10,CCI
2017-09-10,CCL
2017-09-10,CELG
2017-09-10,CERN
2017-09-10,CF
2017-09-10,CFG
2017-09-10,CHD
2017-09-10,CHK
2017-09-10,CHRW
2017-09-10,CHTR
2017-09-10,CI
2017-09-10,CINF
2017-09-10,CL
2017-09-10,CLX
2017-09-10,CMA
2017-09-10,CMCSA
2017-09-10,CME
2017-09-10,CMG
2017-09-10,CMI
2017-09-10,CMS
2017-09-10,CNC
2017-09-10,CNP
2017-09-10,COF
2017-09-10,COG
2017-09-10,COH
2017-09-10,COL
2017-09-10,COO
2017-09-10,COP
2017-09-10,COST
2017-09-10,COTY
2017-09-10,CPB
2017-09-10,CRM
2017-09-10,CSCO
2017-09-10,CSRA
2017-09-10,CSX
2017-09-10,CTAS
2017-09-10,CTL
2017-09-10,CTSH
2017-09-10,CTXS
2017-09-10,CVS
2017-09-10,CVX
2017-09-10,CXO
2017-09-10,D
2017-09-10,DAL
2017-09-10,DE
2017-09-10,DFS
2017-09-10,DG
2017-09-10,DGX
2017-09-10,DHI
2017-09-10,DHR
2017-09-10,DIS
2017-09-10,DISCA
2017-09-10,DISCK
2017-09-10,DISH
2017-09-10,DLPH
2017-09-10,DLR
2017-09-10,DLTR
2017-09-10,DOV
2017-09-10,DPS
2017-09-10,DRE
2017-09-10,DRI
2017-09-10,DTE
2017-09-10,DUK
2017-09-10,DVA
2017-09-10,DVN
2017-09-10,DWDP
2017-09-10,DXC
2017-09-10,EA
2017-09-10,EBAY
2017-09-10,ECL
2017-09-10,ED
2017-09-10,EFX
2017-09-10,EIX
2017-09-10,EL
2017-09-10,EMN
2017-09-10,EMR
2017-09-10,EOG
2017-09-10,EQIX
2017-09-10,EQR
2017-09-10,EQT
2017-09-10,ES
2017-09-10,ESRX
2017-09-10,ESS
2017-09-10,ETFC
2017-09-10,ETN
2017-09-10,ETR
2017-09-10,EVHC
2017-09-10,EW
2017-09-10,EXC
2017-09-10,EXPD
2017-09-10,EXPE
2017-09-10,EXR
2017-09-10,F
2017-09-10,FAST
2017-09-10,FB
2017-09-10,FBHS
2017-09-10,FCX
2017-09-10,FDX
2017-09-10,FE
2017-09-10,FFIV
2017-09-10,FIS
2017-09-10,FISV
2017-09-10,FITB
2017-09-10,FL
2017-09-10,FLIR
2017-09-10,FLR
2017-09-10,FLS
2017-09-10,FMC
2017-09-10,FOX
2017-09-10,FOXA
2017-09-10,FRT
2017-09-10,FTI
2017-09-10,FTV
2017-09-10,GD
2017-09-10,GE
2017-09-10,GGP
2017-09-10,GILD
2017-09-10,GIS
2017-09-10,GLW
2017-09-10,GM
2017-09-10,GOOG
2017-09-10,GOOGL
2017-09-10,GPC
2017-09-10,GPN
2017-09-10,GPS
2017-09-10,GRMN
2017-09-10,GS
2017-09-10,GT
2017-09-10,GWW
2017-09-10,HAL
2017-09-10,HAS
2017-09-10,HBAN
2017-09-10,HBI
2017-09-10,HCA
2017-09-10,HCN
2017-09-10,HCP
2017-09-10,HD
2017-09-10,HES
2017-09-10,HIG
2017-09-10,HLT
2017-09-10,HOG
2017-09-10,HOLX
2017-09-10,HON
2017-09-10,HP
2017-09-10,HPE
2017-09-10,HPQ
2017-09-10,HRB
2017-09-10,HRL
2017-09-10,HRS
2017-09-10,HSIC
2017-09-10,HST
2017-09-10,HSY
2017-09-10,HUM
2017-09-10,IBM
2017-09-10,ICE
2017-09-10,IDXX
2017-09-10,IFF
2017-09-10,ILMN
2017-09-10,INCY
2017-09-10,INFO
2017-09-10,INTC
2017-09-10,INTU
2017-09-10,IP
2017-09-10,IPG
2017-09-10,IR
2017-09-10,IRM
2017-09-10,ISRG
2017-09-10,IT
2017-09-10,ITW
2017-09-10,IVZ
2017-09-10,JBHT
2017-09-10,JCI
2017-09-10,JEC
2017-09-10,JNJ
2017-09-10,JNPR
2017-09-10,JPM
2017-09-10,JWN
2017-09-10,K
2017-09-10,KEY
2017-09-10,KHC
2017-09-10,KIM
2017-09-10,KLAC
2017-09-10,KMB
2017-09-10,KMI
2017-09-10,KMX
2017-09-10,KO
2017-09-10,KORS
2017-09-10,KR
2017-09-10,KSS
2017-09-10,KSU
2017-09-10,L
2017-09-10,LB
2017-09-10,LEG
2017-09-10,LEN
2017-09-10,LH
2017-09-10,LKQ
2017-09-10,LLL
2017-09-10,LLY
2017-09-10,LMT
2017-09-10,LNC
2017-09-10,LNT
2017-09-10,LOW
2017-09-10,LRCX
2017-09-10,LUK
2017-09-10,LUV
2017-09-10,LVLT
2017-09-10,LYB
2017-09-10,M
2017-09-10,MA
2017-09-10,MAA
2017-09-10,MAC
2017-09-10,MAR
2017-09-10,MAS
2017-09-10,MAT
2017-09-10,MCD
2017-09-10,MCHP
2017-09-10,MCK
2017-09-10,MCO
2017-09-10,MDLZ
2017-09-10,MDT
2017-09-10,MET
2017-09-10,MGM
2017-09-10,MHK
2017-09-10,MKC
2017-09-10,MLM
2017-09-10,MMC
2017-09-10,MMM
2017-09-10,MNST
2017-09-10,MO
2017-09-10,MON
2017-09-10,MOS
2017-09-10,MPC
2017-09-10,MRK
2017-09-10,MRO
2017-09-10,MS
2017-09-10,MSFT
2017-09-10,MSI
2017-09-10,MTB
2017-09-10,MTD
2017-09-10,MU
2017-09-10,MYL
2017-09-10,NAVI
2017-09-10,NBL
2017-09-10,NDAQ
2017-09-10,NEE
2017-09-10,NEM
2017-09-10,NFLX
2017-09-10,NFX
2017-09-10,NI
2017-09-10,NKE
2017-09-10,NLSN
2017-09-10,NOC
2017-09-10,NOV
2017-09-10,NRG
2017-09-10,NSC
2017-09-10,NTAP
2017-09-10,NTRS
2017-09-10,NUE
2017-09-10,NVDA
2017-09-10,NWL
2017-09-10,NWS
2017-09-10,NWSA
2017-09-10,O
2017-09-10,OKE
2017-09-10,OMC
2017-09-10,ORCL
2017-09-10,ORLY
2017-09-10,OXY
2017-09-10,PAYX
2017-09-10,PBCT
2017-09-10,PCAR
2017-09-10,PCG
2017-09-10,PCLN
2017-09-10,PDCO
2017-09-10,PEG
2017-09-10,PEP
2017-09-10,PFE
2017-09-10,PFG
2017-09-10,PG
2017-09-10,PGR
2017-09-10,PH
2017-09-10,PHM
2017-09-10,PKG
2017-09-10,PKI
2017-09-10,PLD
2017-09-10,PM
2017-09-10,PNC
2017-09-10,PNR
2017-09-10,PNW
2017-09-10,PPG
2017-09-10,PPL
2017-09-10,PRGO
2017-09-10,PRU
2017-09-10,PSA
2017-09-10,PSX
2017-09-10,PVH
2017-09-10,PWR
2017-09-10,PX
2017-09-10,PXD
2017-09-10,PYPL
2017-09-10,Q
2017-09-10,QCOM
2017-09-10,QRVO
2017-09-10,RCL
2017-09-10,RE
2017-09-10,REG
2017-09-10,REGN
2017-09-10,RF
2017-09-10,RHI
2017-09-10,RHT
2017-09-10,RJF
2017-09-10,RL
2017-09-10,RMD
2017-09-10,ROK
2017-09-10,ROP
2017-09-10,ROST
2017-09-10,RRC
2017-09-10,RSG
2017-09-10,RTN
2017-09-10,SBAC
2017-09-10,SBUX
2017-09-10,SCG
2017-09-10,SCHW
2017-09-10,SEE
2017-09-10,SHW
2017-09-10,SIG
2017-09-10,SJM
2017-09-10,SLB
2017-09-10,SLG
2017-09-10,SNA
2017-09-10,SNI
2017-09-10,SNPS
2017-09-10,SO
2017-09-10,SPG
2017-09-10,SPGI
2017-09-10,SPLS
2017-09-10,SRCL
2017-09-10,SRE
2017-09-10,STI
2017-09-10,STT
2017-09-10,STX
2017-09-10,STZ
2017-09-10,SWK
2017-09-10,SWKS
2017-09-10,SYF
2017-09-10,SYK
2017-09-10,SYMC
2017-09-10,SYY
2017-09-10,T
2017-09-10,TAP
2017-09-10,TDG
2017-09-10,TEL
2017-09-10,TGT
2017-09-10,TIF
2017-09-10,TJX
2017-09-10,TMK
2017-09-10,TMO
2017-09-10,TRIP
2017-09-10,TROW
2017-09-10,TRV
2017-09-10,TSCO
2017-09-10,TSN
2017-09-10,TSS
2017-09-10,TWX
2017-09-10,TXN
2017-09-10,TXT
2017-09-10,UA
2017-09-10,UAA
2017-09-10,UAL
2017-09-10,UDR
2017-09-10,UHS
2017-09-10,ULTA
2017-09-10,UNH
2017-09-10,UNM
2017-09-10,UNP
2017-09-10,UPS
2017-09-10,URI
2017-09-10,USB
2017-09-10,UTX
2017-09-10,V
2017-09-10,VAR
2017-09-10,VFC
2017-09-10,VIAB
2017-09-10,VLO
2017-09-10,VMC
2017-09-10,VNO
2017-09-10,VRSK
2017-09-10,VRSN
2017-09-10,VRTX
2017-09-10,VTR
2017-09-10,VZ
2017-09-10,WAT
2017-09-10,WBA
2017-09-10,WDC
2017-09-10,WEC
2017-09-10,WFC
2017-09-10,WHR
2017-09-10,WLTW
2017-09-10,WM
2017-09-10,WMB
2017-09-10,WMT
2017-09-10,WRK
2017-09-10,WU
2017-09-10,WY
2017-09-10,WYN
2017-09-10,WYNN
2017-09-10,XEC
2017-09-10,XEL
2017-09-10,XL
2017-09-10,XLNX
2017-09-10,XOM
2017-09-10,XRAY
2017-09-10,XRX
2017-09-10,XYL
2017-09-10,YUM
2017-09-10,ZBH
2017-09-10,ZION
2017-09-10,ZTS
2017-09-11,A
2017-09-11,AAL
2017-09-11,AAP
2017-09-11,AAPL
2017-09-11,ABBV
2017-09-11,ABC
2017-09-11,ABT
2017-09-11,ACN
2017-09-11,ADBE
2017-09-11,ADI
2017-09-11,ADM
2017-09-11,ADP
2017-09-11,ADS
2017-09-11,ADSK
2017-09-11,AEE
2017-09-11,AEP
2017-09-11,AES
2017-09-11,AET
2017-09-11,AFL
2017-09-11,AGN
2017-09-11,AIG
2017-09-11,AIV
2017-09-11,AIZ
2017-09-11,AJG
2017-09-11,AKAM
2017-09-11,ALB
2017-09-11,ALGN
2017-09-11,ALK
2017-09-11,ALL
2017-09-11,ALLE
2017-09-11,ALXN
2017-09-11,AMAT
2017-09-11,AMD
2017-09-11,AME
2017-09-11,AMG
2017-09-11,AMGN
2017-09-11,AMP
2017-09-11,AMT
2017-09-11,AMZN
2017-09-11,ANDV
2017-09-11,ANSS
2017-09-11,ANTM
2017-09-11,AON
2017-09-11,AOS
2017-09-11,APA
2017-09-11,APC
2017-09-11,APD
2017-09-11,APH
2017-09-11,ARE
2017-09-11,ARNC
2017-09-11,ATVI
2017-09-11,AVB
2017-09-11,AVGO
2017-09-11,AVY
2017-09-11,AWK
2017-09-11,AXP
2017-09-11,AYI
2017-09-11,AZO
2017-09-11,BA
2017-09-11,BAC
2017-09-11,BAX
2017-09-11,BBT
2017-09-11,BBY
2017-09-11,BCR
2017-09-11,BDX
2017-09-11,BEN
2017-09-11,BF-B
2017-09-11,BHF
2017-09-11,BHGE
2017-09-11,BIIB
2017-09-11,BK
2017-09-11,BLK
2017-09-11,BLL
2017-09-11,BMY
2017-09-11,BRK-B
2017-09-11,BSX
2017-09-11,BWA
2017-09-11,BXP
2017-09-11,C
2017-09-11,CA
2017-09-11,CAG
2017-09-11,CAH
2017-09-11,CAT
2017-09-11,CB
2017-09-11,CBG
2017-09-11,CBOE
2017-09-11,CBS
2017-09-11,CCI
2017-09-11,CCL
2017-09-11,CELG
2017-09-11,CERN
2017-09-11,CF
2017-09-11,CFG
2017-09-11,CHD
2017-09-11,CHK
2017-09-11,CHRW
2017-09-11,CHTR
2017-09-11,CI
2017-09-11,CINF
2017-09-11,CL
2017-09-11,CLX
2017-09-11,CMA
2017-09-11,CMCSA
2017-09-11,CME
2017-09-11,CMG
2017-09-11,CMI
2017-09-11,CMS
2017-09-11,CNC
2017-09-11,CNP
2017-09-11,COF
2017-09-11,COG
2017-09-11,COH
2017-09-11,COL
2017-09-11,COO
2017-09-11,COP
2017-09-11,COST
2017-09-11,COTY
2017-09-11,CPB
2017-09-11,CRM
2017-09-11,CSCO
2017-09-11,CSRA
2017-09-11,CSX
2017-09-11,CTAS
2017-09-11,CTL
2017-09-11,CTSH
2017-09-11,CTXS
2017-09-11,CVS
2017-09-11,CVX
2017-09-11,CXO
2017-09-11,D
2017-09-11,DAL
2017-09-11,DE
2017-09-11,DFS
2017-09-11,DG
2017-09-11,DGX
2017-09-11,DHI
2017-09-11,DHR
2017-09-11,DIS
2017-09-11,DISCA
2017-09-11,DISCK
2017-09-11,DISH
2017-09-11,DLPH
2017-09-11,DLR
2017-09-11,DLTR
2017-09-11,DOV
2017-09-11,DPS
2017-09-11,DRE
2017-09-11,DRI
2017-09-11,DTE
2017-09-11,DUK
2017-09-11,DVA
2017-09-11,DVN
2017-09-11,DWDP
2017-09-11,DXC
2017-09-11,EA
2017-09-11,EBAY
2017-09-11,ECL
2017-09-11,ED
2017-09-11,EFX
2017-09-11,EIX
2017-09-11,EL
2017-09-11,EMN
2017-09-11,EMR
2017-09-11,EOG
2017-09-11,EQIX
2017-09-11,EQR
2017-09-11,EQT
2017-09-11,ES
2017-09-11,ESRX
2017-09-11,ESS
2017-09-11,ETFC
2017-09-11,ETN
2017-09-11,ETR
2017-09-11,EVHC
2017-09-11,EW
2017-09-11,EXC
2017-09-11,EXPD
2017-09-11,EXPE
2017-09-11,EXR
2017-09-11,F
2017-09-11,FAST
2017-09-11,FB
2017-09-11,FBHS
2017-09-11,FCX
2017-09-11,FDX
2017-09-11,FE
2017-09-11,FFIV
2017-09-11,FIS
2017-09-11,FISV
2017-09-11,FITB
2017-09-11,FL
2017-09-11,FLIR
2017-09-11,FLR
2017-09-11,FLS
2017-09-11,FMC
2017-09-11,FOX
2017-09-11,FOXA
2017-09-11,FRT
2017-09-11,FTI
2017-09-11,FTV
2017-09-11,GD
2017-09-11,GE
2017-09-11,GGP
2017-09-11,GILD
2017-09-11,GIS
2017-09-11,GLW
2017-09-11,GM
2017-09-11,GOOG
2017-09-11,GOOGL
2017-09-11,GPC
2017-09-11,GPN
2017-09-11,GPS
2017-09-11,GRMN
2017-09-11,GS
2017-09-11,GT
2017-09-11,GWW
2017-09-11,HAL
2017-09-11,HAS
2017-09-11,HBAN
2017-09-11,HBI
2017-09-11,HCA
2017-09-11,HCN
2017-09-11,HCP
2017-09-11,HD
2017-09-11,HES
2017-09-11,HIG
2017-09-11,HLT
2017-09-11,HOG
2017-09-11,HOLX
2017-09-11,HON
2017-09-11,HP
2017-09-11,HPE
2017-09-11,HPQ
2017-09-11,HRB
2017-09-11,HRL
2017-09-11,HRS
2017-09-11,HSIC
2017-09-11,HST
2017-09-11,HSY
2017-09-11,HUM
2017-09-11,IBM
2017-09-11,ICE
2017-09-11,IDXX
2017-09-11,IFF
2017-09-11,ILMN
2017-09-11,INCY
2017-09-11,INFO
2017-09-11,INTC
2017-09-11,INTU
2017-09-11,IP
2017-09-11,IPG
2017-09-11,IR
2017-09-11,IRM
2017-09-11,ISRG
2017-09-11,IT
2017-09-11,ITW
2017-09-11,IVZ
2017-09-11,JBHT
2017-09-11,JCI
2017-09-11,JEC
2017-09-11,JNJ
2017-09-11,JNPR
2017-09-11,JPM
2017-09-11,JWN
2017-09-11,K
2017-09-11,KEY
2017-09-11,KHC
2017-09-11,KIM
2017-09-11,KLAC
2017-09-11,KMB
2017-09-11,KMI
2017-09-11,KMX
2017-09-11,KO
2017-09-11,KORS
2017-09-11,KR
2017-09-11,KSS
2017-09-11,KSU
2017-09-11,L
2017-09-11,LB
2017-09-11,LEG
2017-09-11,LEN
2017-09-11,LH
2017-09-11,LKQ
2017-09-11,LLL
2017-09-11,LLY
2017-09-11,LMT
2017-09-11,LNC
2017-09-11,LNT
2017-09-11,LOW
2017-09-11,LRCX
2017-09-11,LUK
2017-09-11,LUV
2017-09-11,LVLT
2017-09-11,LYB
2017-09-11,M
2017-09-11,MA
2017-09-11,MAA
2017-09-11,MAC
2017-09-11,MAR
2017-09-11,MAS
2017-09-11,MAT
2017-09-11,MCD
2017-09-11,MCHP
2017-09-11,MCK
2017-09-11,MCO
2017-09-11,MDLZ
2017-09-11,MDT
2017-09-11,MET
2017-09-11,MGM
2017-09-11,MHK
2017-09-11,MKC
2017-09-11,MLM
2017-09-11,MMC
2017-09-11,MMM
2017-09-11,MNST
2017-09-11,MO
2017-09-11,MON
2017-09-11,MOS
2017-09-11,MPC
2017-09-11,MRK
2017-09-11,MRO
2017-09-11,MS
2017-09-11,MSFT
2017-09-11,MSI
2017-09-11,MTB
2017-09-11,MTD
2017-09-11,MU
2017-09-11,MYL
2017-09-11,NAVI
2017-09-11,NBL
2017-09-11,NDAQ
2017-09-11,NEE
2017-09-11,NEM
2017-09-11,NFLX
2017-09-11,NFX
2017-09-11,NI
2017-09-11,NKE
2017-09-11,NLSN
2017-09-11,NOC
2017-09-11,NOV
2017-09-11,NRG
2017-09-11,NSC
2017-09-11,NTAP
2017-09-11,NTRS
2017-09-11,NUE
2017-09-11,NVDA
2017-09-11,NWL
2017-09-11,NWS
2017-09-11,NWSA
2017-09-11,O
2017-09-11,OKE
2017-09-11,OMC
2017-09-11,ORCL
2017-09-11,ORLY
2017-09-11,OXY
2017-09-11,PAYX
2017-09-11,PBCT
2017-09-11,PCAR
2017-09-11,PCG
2017-09-11,PCLN
2017-09-11,PDCO
2017-09-11,PEG
2017-09-11,PEP
2017-09-11,PFE
2017-09-11,PFG
2017-09-11,PG
2017-09-11,PGR
2017-09-11,PH
2017-09-11,PHM
2017-09-11,PKG
2017-09-11,PKI
2017-09-11,PLD
2017-09-11,PM
2017-09-11,PNC
2017-09-11,PNR
2017-09-11,PNW
2017-09-11,PPG
2017-09-11,PPL
2017-09-11,PRGO
2017-09-11,PRU
2017-09-11,PSA
2017-09-11,PSX
2017-09-11,PVH
2017-09-11,PWR
2017-09-11,PX
2017-09-11,PXD
2017-09-11,PYPL
2017-09-11,Q
2017-09-11,QCOM
2017-09-11,QRVO
2017-09-11,RCL
2017-09-11,RE
2017-09-11,REG
2017-09-11,REGN
2017-09-11,RF
2017-09-11,RHI
2017-09-11,RHT
2017-09-11,RJF
2017-09-11,RL
2017-09-11,RMD
2017-09-11,ROK
2017-09-11,ROP
2017-09-11,ROST
2017-09-11,RRC
2017-09-11,RSG
2017-09-11,RTN
2017-09-11,SBAC
2017-09-11,SBUX
2017-09-11,SCG
2017-09-11,SCHW
2017-09-11,SEE
2017-09-11,SHW
2017-09-11,SIG
2017-09-11,SJM
2017-09-11,SLB
2017-09-11,SLG
2017-09-11,SNA
2017-09-11,SNI
2017-09-11,SNPS
2017-09-11,SO
2017-09-11,SPG
2017-09-11,SPGI
2017-09-11,SPLS
2017-09-11,SRCL
2017-09-11,SRE
2017-09-11,STI
2017-09-11,STT
2017-09-11,STX
2017-09-11,STZ
2017-09-11,SWK
2017-09-11,SWKS
2017-09-11,SYF
2017-09-11,SYK
2017-09-11,SYMC
2017-09-11,SYY
2017-09-11,T
2017-09-11,TAP
2017-09-11,TDG
2017-09-11,TEL
2017-09-11,TGT
2017-09-11,TIF
2017-09-11,TJX
2017-09-11,TMK
2017-09-11,TMO
2017-09-11,TRIP
2017-09-11,TROW
2017-09-11,TRV
2017-09-11,TSCO
2017-09-11,TSN
2017-09-11,TSS
2017-09-11,TWX
2017-09-11,TXN
2017-09-11,TXT
2017-09-11,UA
2017-09-11,UAA
2017-09-11,UAL
2017-09-11,UDR
2017-09-11,UHS
2017-09-11,ULTA
2017-09-11,UNH
2017-09-11,UNM
2017-09-11,UNP
2017-09-11,UPS
2017-09-11,URI
2017-09-11,USB
2017-09-11,UTX
2017-09-11,V
2017-09-11,VAR
2017-09-11,VFC
2017-09-11,VIAB
2017-09-11,VLO
2017-09-11,VMC
2017-09-11,VNO
2017-09-11,VRSK
2017-09-11,VRSN
2017-09-11,VRTX
2017-09-11,VTR
2017-09-11,VZ
2017-09-11,WAT
2017-09-11,WBA
2017-09-11,WDC
2017-09-11,WEC
2017-09-11,WFC
2017-09-11,WHR
2017-09-11,WLTW
2017-09-11,WM
2017-09-11,WMB
2017-09-11,WMT
2017-09-11,WRK
2017-09-11,WU
2017-09-11,WY
2017-09-11,WYN
2017-09-11,WYNN
2017-09-11,XEC
2017-09-11,XEL
2017-09-11,XL
2017-09-11,XLNX
2017-09-11,XOM
2017-09-11,XRAY
2017-09-11,XRX
2017-09-11,XYL
2017-09-11,YUM
2017-09-11,ZBH
2017-09-11,ZION
2017-09-11,ZTS
2017-09-12,A
2017-09-12,AAL
2017-09-12,AAP
2017-09-12,AAPL
2017-09-12,ABBV
2017-09-12,ABC
2017-09-12,ABT
2017-09-12,ACN
2017-09-12,ADBE
2017-09-12,ADI
2017-09-12,ADM
2017-09-12,ADP
2017-09-12,ADS
2017-09-12,ADSK
2017-09-12,AEE
2017-09-12,AEP
2017-09-12,AES
2017-09-12,AET
2017-09-12,AFL
2017-09-12,AGN
2017-09-12,AIG
2017-09-12,AIV
2017-09-12,AIZ
2017-09-12,AJG
2017-09-12,AKAM
2017-09-12,ALB
2017-09-12,ALGN
2017-09-12,ALK
2017-09-12,ALL
2017-09-12,ALLE
2017-09-12,ALXN
2017-09-12,AMAT
2017-09-12,AMD
2017-09-12,AME
2017-09-12,AMG
2017-09-12,AMGN
2017-09-12,AMP
2017-09-12,AMT
2017-09-12,AMZN
2017-09-12,ANDV
2017-09-12,ANSS
2017-09-12,ANTM
2017-09-12,AON
2017-09-12,AOS
2017-09-12,APA
2017-09-12,APC
2017-09-12,APD
2017-09-12,APH
2017-09-12,ARE
2017-09-12,ARNC
2017-09-12,ATVI
2017-09-12,AVB
2017-09-12,AVGO
2017-09-12,AVY
2017-09-12,AWK
2017-09-12,AXP
2017-09-12,AYI
2017-09-12,AZO
2017-09-12,BA
2017-09-12,BAC
2017-09-12,BAX
2017-09-12,BBT
2017-09-12,BBY
2017-09-12,BCR
2017-09-12,BDX
2017-09-12,BEN
2017-09-12,BF-B
2017-09-12,BHF
2017-09-12,BHGE
2017-09-12,BIIB
2017-09-12,BK
2017-09-12,BLK
2017-09-12,BLL
2017-09-12,BMY
2017-09-12,BRK-B
2017-09-12,BSX
2017-09-12,BWA
2017-09-12,BXP
2017-09-12,C
2017-09-12,CA
2017-09-12,CAG
2017-09-12,CAH
2017-09-12,CAT
2017-09-12,CB
2017-09-12,CBG
2017-09-12,CBOE
2017-09-12,CBS
2017-09-12,CCI
2017-09-12,CCL
2017-09-12,CELG
2017-09-12,CERN
2017-09-12,CF
2017-09-12,CFG
2017-09-12,CHD
2017-09-12,CHK
2017-09-12,CHRW
2017-09-12,CHTR
2017-09-12,CI
2017-09-12,CINF
2017-09-12,CL
2017-09-12,CLX
2017-09-12,CMA
2017-09-12,CMCSA
2017-09-12,CME
2017-09-12,CMG
2017-09-12,CMI
2017-09-12,CMS
2017-09-12,CNC
2017-09-12,CNP
2017-09-12,COF
2017-09-12,COG
2017-09-12,COH
2017-09-12,COL
2017-09-12,COO
2017-09-12,COP
2017-09-12,COST
2017-09-12,COTY
2017-09-12,CPB
2017-09-12,CRM
2017-09-12,CSCO
2017-09-12,CSRA
2017-09-12,CSX
2017-09-12,CTAS
2017-09-12,CTL
2017-09-12,CTSH
2017-09-12,CTXS
2017-09-12,CVS
2017-09-12,CVX
2017-09-12,CXO
2017-09-12,D
2017-09-12,DAL
2017-09-12,DE
2017-09-12,DFS
2017-09-12,DG
2017-09-12,DGX
2017-09-12,DHI
2017-09-12,DHR
2017-09-12,DIS
2017-09-12,DISCA
2017-09-12,DISCK
2017-09-12,DISH
2017-09-12,DLPH
2017-09-12,DLR
2017-09-12,DLTR
2017-09-12,DOV
2017-09-12,DPS
2017-09-12,DRE
2017-09-12,DRI
2017-09-12,DTE
2017-09-12,DUK
2017-09-12,DVA
2017-09-12,DVN
2017-09-12,DWDP
2017-09-12,DXC
2017-09-12,EA
2017-09-12,EBAY
2017-09-12,ECL
2017-09-12,ED
2017-09-12,EFX
2017-09-12,EIX
2017-09-12,EL
2017-09-12,EMN
2017-09-12,EMR
2017-09-12,EOG
2017-09-12,EQIX
2017-09-12,EQR
2017-09-12,EQT
2017-09-12,ES
2017-09-12,ESRX
2017-09-12,ESS
2017-09-12,ETFC
2017-09-12,ETN
2017-09-12,ETR
2017-09-12,EVHC
2017-09-12,EW
2017-09-12,EXC
2017-09-12,EXPD
2017-09-12,EXPE
2017-09-12,EXR
2017-09-12,F
2017-09-12,FAST
2017-09-12,FB
2017-09-12,FBHS
2017-09-12,FCX
2017-09-12,FDX
2017-09-12,FE
2017-09-12,FFIV
2017-09-12,FIS
2017-09-12,FISV
2017-09-12,FITB
2017-09-12,FL
2017-09-12,FLIR
2017-09-12,FLR
2017-09-12,FLS
2017-09-12,FMC
2017-09-12,FOX
2017-09-12,FOXA
2017-09-12,FRT
2017-09-12,FTI
2017-09-12,FTV
2017-09-12,GD
2017-09-12,GE
2017-09-12,GGP
2017-09-12,GILD
2017-09-12,GIS
2017-09-12,GLW
2017-09-12,GM
2017-09-12,GOOG
2017-09-12,GOOGL
2017-09-12,GPC
2017-09-12,GPN
2017-09-12,GPS
2017-09-12,GRMN
2017-09-12,GS
2017-09-12,GT
2017-09-12,GWW
2017-09-12,HAL
2017-09-12,HAS
2017-09-12,HBAN
2017-09-12,HBI
2017-09-12,HCA
2017-09-12,HCN
2017-09-12,HCP
2017-09-12,HD
2017-09-12,HES
2017-09-12,HIG
2017-09-12,HLT
2017-09-12,HOG
2017-09-12,HOLX
2017-09-12,HON
2017-09-12,HP
2017-09-12,HPE
2017-09-12,HPQ
2017-09-12,HRB
2017-09-12,HRL
2017-09-12,HRS
2017-09-12,HSIC
2017-09-12,HST
2017-09-12,HSY
2017-09-12,HUM
2017-09-12,IBM
2017-09-12,ICE
2017-09-12,IDXX
2017-09-12,IFF
2017-09-12,ILMN
2017-09-12,INCY
2017-09-12,INFO
2017-09-12,INTC
2017-09-12,INTU
2017-09-12,IP
2017-09-12,IPG
2017-09-12,IR
2017-09-12,IRM
2017-09-12,ISRG
2017-09-12,IT
2017-09-12,ITW
2017-09-12,IVZ
2017-09-12,JBHT
2017-09-12,JCI
2017-09-12,JEC
2017-09-12,JNJ
2017-09-12,JNPR
2017-09-12,JPM
2017-09-12,JWN
2017-09-12,K
2017-09-12,KEY
2017-09-12,KHC
2017-09-12,KIM
2017-09-12,KLAC
2017-09-12,KMB
2017-09-12,KMI
2017-09-12,KMX
2017-09-12,KO
2017-09-12,KORS
2017-09-12,KR
2017-09-12,KSS
2017-09-12,KSU
2017-09-12,L
2017-09-12,LB
2017-09-12,LEG
2017-09-12,LEN
2017-09-12,LH
2017-09-12,LKQ
2017-09-12,LLL
2017-09-12,LLY
2017-09-12,LMT
2017-09-12,LNC
2017-09-12,LNT
2017-09-12,LOW
2017-09-12,LRCX
2017-09-12,LUK
2017-09-12,LUV
2017-09-12,LVLT
2017-09-12,LYB
2017-09-12,M
2017-09-12,MA
2017-09-12,MAA
2017-09-12,MAC
2017-09-12,MAR
2017-09-12,MAS
2017-09-12,MAT
2017-09-12,MCD
2017-09-12,MCHP
2017-09-12,MCK
2017-09-12,MCO
2017-09-12,MDLZ
2017-09-12,MDT
2017-09-12,MET
2017-09-12,MGM
2017-09-12,MHK
2017-09-12,MKC
2017-09-12,MLM
2017-09-12,MMC
2017-09-12,MMM
2017-09-12,MNST
2017-09-12,MO
2017-09-12,MON
2017-09-12,MOS
2017-09-12,MPC
2017-09-12,MRK
2017-09-12,MRO
2017-09-12,MS
2017-09-12,MSFT
2017-09-12,MSI
2017-09-12,MTB
2017-09-12,MTD
2017-09-12,MU
2017-09-12,MYL
2017-09-12,NAVI
2017-09-12,NBL
2017-09-12,NDAQ
2017-09-12,NEE
2017-09-12,NEM
2017-09-12,NFLX
2017-09-12,NFX
2017-09-12,NI
2017-09-12,NKE
2017-09-12,NLSN
2017-09-12,NOC
2017-09-12,NOV
2017-09-12,NRG
2017-09-12,NSC
2017-09-12,NTAP
2017-09-12,NTRS
2017-09-12,NUE
2017-09-12,NVDA
2017-09-12,NWL
2017-09-12,NWS
2017-09-12,NWSA
2017-09-12,O
2017-09-12,OKE
2017-09-12,OMC
2017-09-12,ORCL
2017-09-12,ORLY
2017-09-12,OXY
2017-09-12,PAYX
2017-09-12,PBCT
2017-09-12,PCAR
2017-09-12,PCG
2017-09-12,PCLN
2017-09-12,PDCO
2017-09-12,PEG
2017-09-12,PEP
2017-09-12,PFE
2017-09-12,PFG
2017-09-12,PG
2017-09-12,PGR
2017-09-12,PH
2017-09-12,PHM
2017-09-12,PKG
2017-09-12,PKI
2017-09-12,PLD
2017-09-12,PM
2017-09-12,PNC
2017-09-12,PNR
2017-09-12,PNW
2017-09-12,PPG
2017-09-12,PPL
2017-09-12,PRGO
2017-09-12,PRU
2017-09-12,PSA
2017-09-12,PSX
2017-09-12,PVH
2017-09-12,PWR
2017-09-12,PX
2017-09-12,PXD
2017-09-12,PYPL
2017-09-12,Q
2017-09-12,QCOM
2017-09-12,QRVO
2017-09-12,RCL
2017-09-12,RE
2017-09-12,REG
2017-09-12,REGN
2017-09-12,RF
2017-09-12,RHI
2017-09-12,RHT
2017-09-12,RJF
2017-09-12,RL
2017-09-12,RMD
2017-09-12,ROK
2017-09-12,ROP
2017-09-12,ROST
2017-09-12,RRC
2017-09-12,RSG
2017-09-12,RTN
2017-09-12,SBAC
2017-09-12,SBUX
2017-09-12,SCG
2017-09-12,SCHW
2017-09-12,SEE
2017-09-12,SHW
2017-09-12,SIG
2017-09-12,SJM
2017-09-12,SLB
2017-09-12,SLG
2017-09-12,SNA
2017-09-12,SNI
2017-09-12,SNPS
2017-09-12,SO
2017-09-12,SPG
2017-09-12,SPGI
2017-09-12,SPLS
2017-09-12,SRCL
2017-09-12,SRE
2017-09-12,STI
2017-09-12,STT
2017-09-12,STX
2017-09-12,STZ
2017-09-12,SWK
2017-09-12,SWKS
2017-09-12,SYF
2017-09-12,SYK
2017-09-12,SYMC
2017-09-12,SYY
2017-09-12,T
2017-09-12,TAP
2017-09-12,TDG
2017-09-12,TEL
2017-09-12,TGT
2017-09-12,TIF
2017-09-12,TJX
2017-09-12,TMK
2017-09-12,TMO
2017-09-12,TRIP
2017-09-12,TROW
2017-09-12,TRV
2017-09-12,TSCO
2017-09-12,TSN
2017-09-12,TSS
2017-09-12,TWX
2017-09-12,TXN
2017-09-12,TXT
2017-09-12,UA
2017-09-12,UAA
2017-09-12,UAL
2017-09-12,UDR
2017-09-12,UHS
2017-09-12,ULTA
2017-09-12,UNH
2017-09-12,UNM
2017-09-12,UNP
2017-09-12,UPS
2017-09-12,URI
2017-09-12,USB
2017-09-12,UTX
2017-09-12,V
2017-09-12,VAR
2017-09-12,VFC
2017-09-12,VIAB
2017-09-12,VLO
2017-09-12,VMC
2017-09-12,VNO
2017-09-12,VRSK
2017-09-12,VRSN
2017-09-12,VRTX
2017-09-12,VTR
2017-09-12,VZ
2017-09-12,WAT
2017-09-12,WBA
2017-09-12,WDC
2017-09-12,WEC
2017-09-12,WFC
2017-09-12,WHR
2017-09-12,WLTW
2017-09-12,WM
2017-09-12,WMB
2017-09-12,WMT
2017-09-12,WRK
2017-09-12,WU
2017-09-12,WY
2017-09-12,WYN
2017-09-12,WYNN
2017-09-12,XEC
2017-09-12,XEL
2017-09-12,XL
2017-09-12,XLNX
2017-09-12,XOM
2017-09-12,XRAY
2017-09-12,XRX
2017-09-12,XYL
2017-09-12,YUM
2017-09-12,ZBH
2017-09-12,ZION
2017-09-12,ZTS
2017-09-13,A
2017-09-13,AAL
2017-09-13,AAP
2017-09-13,AAPL
2017-09-13,ABBV
2017-09-13,ABC
2017-09-13,ABT
2017-09-13,ACN
2017-09-13,ADBE
2017-09-13,ADI
2017-09-13,ADM
2017-09-13,ADP
2017-09-13,ADS
2017-09-13,ADSK
2017-09-13,AEE
2017-09-13,AEP
2017-09-13,AES
2017-09-13,AET
2017-09-13,AFL
2017-09-13,AGN
2017-09-13,AIG
2017-09-13,AIV
2017-09-13,AIZ
2017-09-13,AJG
2017-09-13,AKAM
2017-09-13,ALB
2017-09-13,ALGN
2017-09-13,ALK
2017-09-13,ALL
2017-09-13,ALLE
2017-09-13,ALXN
2017-09-13,AMAT
2017-09-13,AMD
2017-09-13,AME
2017-09-13,AMG
2017-09-13,AMGN
2017-09-13,AMP
2017-09-13,AMT
2017-09-13,AMZN
2017-09-13,ANDV
2017-09-13,ANSS
2017-09-13,ANTM
2017-09-13,AON
2017-09-13,AOS
2017-09-13,APA
2017-09-13,APC
2017-09-13,APD
2017-09-13,APH
2017-09-13,ARE
2017-09-13,ARNC
2017-09-13,ATVI
2017-09-13,AVB
2017-09-13,AVGO
2017-09-13,AVY
2017-09-13,AWK
2017-09-13,AXP
2017-09-13,AYI
2017-09-13,AZO
2017-09-13,BA
2017-09-13,BAC
2017-09-13,BAX
2017-09-13,BBT
2017-09-13,BBY
2017-09-13,BCR
2017-09-13,BDX
2017-09-13,BEN
2017-09-13,BF-B
2017-09-13,BHF
2017-09-13,BHGE
2017-09-13,BIIB
2017-09-13,BK
2017-09-13,BLK
2017-09-13,BLL
2017-09-13,BMY
2017-09-13,BRK-B
2017-09-13,BSX
2017-09-13,BWA
2017-09-13,BXP
2017-09-13,C
2017-09-13,CA
2017-09-13,CAG
2017-09-13,CAH
2017-09-13,CAT
2017-09-13,CB
2017-09-13,CBG
2017-09-13,CBOE
2017-09-13,CBS
2017-09-13,CCI
2017-09-13,CCL
2017-09-13,CELG
2017-09-13,CERN
2017-09-13,CF
2017-09-13,CFG
2017-09-13,CHD
2017-09-13,CHK
2017-09-13,CHRW
2017-09-13,CHTR
2017-09-13,CI
2017-09-13,CINF
2017-09-13,CL
2017-09-13,CLX
2017-09-13,CMA
2017-09-13,CMCSA
2017-09-13,CME
2017-09-13,CMG
2017-09-13,CMI
2017-09-13,CMS
2017-09-13,CNC
2017-09-13,CNP
2017-09-13,COF
2017-09-13,COG
2017-09-13,COH
2017-09-13,COL
2017-09-13,COO
2017-09-13,COP
2017-09-13,COST
2017-09-13,COTY
2017-09-13,CPB
2017-09-13,CRM
2017-09-13,CSCO
2017-09-13,CSRA
2017-09-13,CSX
2017-09-13,CTAS
2017-09-13,CTL
2017-09-13,CTSH
2017-09-13,CTXS
2017-09-13,CVS
2017-09-13,CVX
2017-09-13,CXO
2017-09-13,D
2017-09-13,DAL
2017-09-13,DE
2017-09-13,DFS
2017-09-13,DG
2017-09-13,DGX
2017-09-13,DHI
2017-09-13,DHR
2017-09-13,DIS
2017-09-13,DISCA
2017-09-13,DISCK
2017-09-13,DISH
2017-09-13,DLPH
2017-09-13,DLR
2017-09-13,DLTR
2017-09-13,DOV
2017-09-13,DPS
2017-09-13,DRE
2017-09-13,DRI
2017-09-13,DTE
2017-09-13,DUK
2017-09-13,DVA
2017-09-13,DVN
2017-09-13,DWDP
2017-09-13,DXC
2017-09-13,EA
2017-09-13,EBAY
2017-09-13,ECL
2017-09-13,ED
2017-09-13,EFX
2017-09-13,EIX
2017-09-13,EL
2017-09-13,EMN
2017-09-13,EMR
2017-09-13,EOG
2017-09-13,EQIX
2017-09-13,EQR
2017-09-13,EQT
2017-09-13,ES
2017-09-13,ESRX
2017-09-13,ESS
2017-09-13,ETFC
2017-09-13,ETN
2017-09-13,ETR
2017-09-13,EVHC
2017-09-13,EW
2017-09-13,EXC
2017-09-13,EXPD
2017-09-13,EXPE
2017-09-13,EXR
2017-09-13,F
2017-09-13,FAST
2017-09-13,FB
2017-09-13,FBHS
2017-09-13,FCX
2017-09-13,FDX
2017-09-13,FE
2017-09-13,FFIV
2017-09-13,FIS
2017-09-13,FISV
2017-09-13,FITB
2017-09-13,FL
2017-09-13,FLIR
2017-09-13,FLR
2017-09-13,FLS
2017-09-13,FMC
2017-09-13,FOX
2017-09-13,FOXA
2017-09-13,FRT
2017-09-13,FTI
2017-09-13,FTV
2017-09-13,GD
2017-09-13,GE
2017-09-13,GGP
2017-09-13,GILD
2017-09-13,GIS
2017-09-13,GLW
2017-09-13,GM
2017-09-13,GOOG
2017-09-13,GOOGL
2017-09-13,GPC
2017-09-13,GPN
2017-09-13,GPS
2017-09-13,GRMN
2017-09-13,GS
2017-09-13,GT
2017-09-13,GWW
2017-09-13,HAL
2017-09-13,HAS
2017-09-13,HBAN
2017-09-13,HBI
2017-09-13,HCA
2017-09-13,HCN
2017-09-13,HCP
2017-09-13,HD
2017-09-13,HES
2017-09-13,HIG
2017-09-13,HLT
2017-09-13,HOG
2017-09-13,HOLX
2017-09-13,HON
2017-09-13,HP
2017-09-13,HPE
2017-09-13,HPQ
2017-09-13,HRB
2017-09-13,HRL
2017-09-13,HRS
2017-09-13,HSIC
2017-09-13,HST
2017-09-13,HSY
2017-09-13,HUM
2017-09-13,IBM
2017-09-13,ICE
2017-09-13,IDXX
2017-09-13,IFF
2017-09-13,ILMN
2017-09-13,INCY
2017-09-13,INFO
2017-09-13,INTC
2017-09-13,INTU
2017-09-13,IP
2017-09-13,IPG
2017-09-13,IR
2017-09-13,IRM
2017-09-13,ISRG
2017-09-13,IT
2017-09-13,ITW
2017-09-13,IVZ
2017-09-13,JBHT
2017-09-13,JCI
2017-09-13,JEC
2017-09-13,JNJ
2017-09-13,JNPR
2017-09-13,JPM
2017-09-13,JWN
2017-09-13,K
2017-09-13,KEY
2017-09-13,KHC
2017-09-13,KIM
2017-09-13,KLAC
2017-09-13,KMB
2017-09-13,KMI
2017-09-13,KMX
2017-09-13,KO
2017-09-13,KORS
2017-09-13,KR
2017-09-13,KSS
2017-09-13,KSU
2017-09-13,L
2017-09-13,LB
2017-09-13,LEG
2017-09-13,LEN
2017-09-13,LH
2017-09-13,LKQ
2017-09-13,LLL
2017-09-13,LLY
2017-09-13,LMT
2017-09-13,LNC
2017-09-13,LNT
2017-09-13,LOW
2017-09-13,LRCX
2017-09-13,LUK
2017-09-13,LUV
2017-09-13,LVLT
2017-09-13,LYB
2017-09-13,M
2017-09-13,MA
2017-09-13,MAA
2017-09-13,MAC
2017-09-13,MAR
2017-09-13,MAS
2017-09-13,MAT
2017-09-13,MCD
2017-09-13,MCHP
2017-09-13,MCK
2017-09-13,MCO
2017-09-13,MDLZ
2017-09-13,MDT
2017-09-13,MET
2017-09-13,MGM
2017-09-13,MHK
2017-09-13,MKC
2017-09-13,MLM
2017-09-13,MMC
2017-09-13,MMM
2017-09-13,MNST
2017-09-13,MO
2017-09-13,MON
2017-09-13,MOS
2017-09-13,MPC
2017-09-13,MRK
2017-09-13,MRO
2017-09-13,MS
2017-09-13,MSFT
2017-09-13,MSI
2017-09-13,MTB
2017-09-13,MTD
2017-09-13,MU
2017-09-13,MYL
2017-09-13,NAVI
2017-09-13,NBL
2017-09-13,NDAQ
2017-09-13,NEE
2017-09-13,NEM
2017-09-13,NFLX
2017-09-13,NFX
2017-09-13,NI
2017-09-13,NKE
2017-09-13,NLSN
2017-09-13,NOC
2017-09-13,NOV
2017-09-13,NRG
2017-09-13,NSC
2017-09-13,NTAP
2017-09-13,NTRS
2017-09-13,NUE
2017-09-13,NVDA
2017-09-13,NWL
2017-09-13,NWS
2017-09-13,NWSA
2017-09-13,O
2017-09-13,OKE
2017-09-13,OMC
2017-09-13,ORCL
2017-09-13,ORLY
2017-09-13,OXY
2017-09-13,PAYX
2017-09-13,PBCT
2017-09-13,PCAR
2017-09-13,PCG
2017-09-13,PCLN
2017-09-13,PDCO
2017-09-13,PEG
2017-09-13,PEP
2017-09-13,PFE
2017-09-13,PFG
2017-09-13,PG
2017-09-13,PGR
2017-09-13,PH
2017-09-13,PHM
2017-09-13,PKG
2017-09-13,PKI
2017-09-13,PLD
2017-09-13,PM
2017-09-13,PNC
2017-09-13,PNR
2017-09-13,PNW
2017-09-13,PPG
2017-09-13,PPL
2017-09-13,PRGO
2017-09-13,PRU
2017-09-13,PSA
2017-09-13,PSX
2017-09-13,PVH
2017-09-13,PWR
2017-09-13,PX
2017-09-13,PXD
2017-09-13,PYPL
2017-09-13,Q
2017-09-13,QCOM
2017-09-13,QRVO
2017-09-13,RCL
2017-09-13,RE
2017-09-13,REG
2017-09-13,REGN
2017-09-13,RF
2017-09-13,RHI
2017-09-13,RHT
2017-09-13,RJF
2017-09-13,RL
2017-09-13,RMD
2017-09-13,ROK
2017-09-13,ROP
2017-09-13,ROST
2017-09-13,RRC
2017-09-13,RSG
2017-09-13,RTN
2017-09-13,SBAC
2017-09-13,SBUX
2017-09-13,SCG
2017-09-13,SCHW
2017-09-13,SEE
2017-09-13,SHW
2017-09-13,SIG
2017-09-13,SJM
2017-09-13,SLB
2017-09-13,SLG
2017-09-13,SNA
2017-09-13,SNI
2017-09-13,SNPS
2017-09-13,SO
2017-09-13,SPG
2017-09-13,SPGI
2017-09-13,SPLS
2017-09-13,SRCL
2017-09-13,SRE
2017-09-13,STI
2017-09-13,STT
2017-09-13,STX
2017-09-13,STZ
2017-09-13,SWK
2017-09-13,SWKS
2017-09-13,SYF
2017-09-13,SYK
2017-09-13,SYMC
2017-09-13,SYY
2017-09-13,T
2017-09-13,TAP
2017-09-13,TDG
2017-09-13,TEL
2017-09-13,TGT
2017-09-13,TIF
2017-09-13,TJX
2017-09-13,TMK
2017-09-13,TMO
2017-09-13,TRIP
2017-09-13,TROW
2017-09-13,TRV
2017-09-13,TSCO
2017-09-13,TSN
2017-09-13,TSS
2017-09-13,TWX
2017-09-13,TXN
2017-09-13,TXT
2017-09-13,UA
2017-09-13,UAA
2017-09-13,UAL
2017-09-13,UDR
2017-09-13,UHS
2017-09-13,ULTA
2017-09-13,UNH
2017-09-13,UNM
2017-09-13,UNP
2017-09-13,UPS
2017-09-13,URI
2017-09-13,USB
2017-09-13,UTX
2017-09-13,V
2017-09-13,VAR
2017-09-13,VFC
2017-09-13,VIAB
2017-09-13,VLO
2017-09-13,VMC
2017-09-13,VNO
2017-09-13,VRSK
2017-09-13,VRSN
2017-09-13,VRTX
2017-09-13,VTR
2017-09-13,VZ
2017-09-13,WAT
2017-09-13,WBA
2017-09-13,WDC
2017-09-13,WEC
2017-09-13,WFC
2017-09-13,WHR
2017-09-13,WLTW
2017-09-13,WM
2017-09-13,WMB
2017-09-13,WMT
2017-09-13,WRK
2017-09-13,WU
2017-09-13,WY
2017-09-13,WYN
2017-09-13,WYNN
2017-09-13,XEC
2017-09-13,XEL
2017-09-13,XL
2017-09-13,XLNX
2017-09-13,XOM
2017-09-13,XRAY
2017-09-13,XRX
2017-09-13,XYL
2017-09-13,YUM
2017-09-13,ZBH
2017-09-13,ZION
2017-09-13,ZTS
2017-09-14,A
2017-09-14,AAL
2017-09-14,AAP
2017-09-14,AAPL
2017-09-14,ABBV
2017-09-14,ABC
2017-09-14,ABT
2017-09-14,ACN
2017-09-14,ADBE
2017-09-14,ADI
2017-09-14,ADM
2017-09-14,ADP
2017-09-14,ADS
2017-09-14,ADSK
2017-09-14,AEE
2017-09-14,AEP
2017-09-14,AES
2017-09-14,AET
2017-09-14,AFL
2017-09-14,AGN
2017-09-14,AIG
2017-09-14,AIV
2017-09-14,AIZ
2017-09-14,AJG
2017-09-14,AKAM
2017-09-14,ALB
2017-09-14,ALGN
2017-09-14,ALK
2017-09-14,ALL
2017-09-14,ALLE
2017-09-14,ALXN
2017-09-14,AMAT
2017-09-14,AMD
2017-09-14,AME
2017-09-14,AMG
2017-09-14,AMGN
2017-09-14,AMP
2017-09-14,AMT
2017-09-14,AMZN
2017-09-14,ANDV
2017-09-14,ANSS
2017-09-14,ANTM
2017-09-14,AON
2017-09-14,AOS
2017-09-14,APA
2017-09-14,APC
2017-09-14,APD
2017-09-14,APH
2017-09-14,ARE
2017-09-14,ARNC
2017-09-14,ATVI
2017-09-14,AVB
2017-09-14,AVGO
2017-09-14,AVY
2017-09-14,AWK
2017-09-14,AXP
2017-09-14,AYI
2017-09-14,AZO
2017-09-14,BA
2017-09-14,BAC
2017-09-14,BAX
2017-09-14,BBT
2017-09-14,BBY
2017-09-14,BCR
2017-09-14,BDX
2017-09-14,BEN
2017-09-14,BF-B
2017-09-14,BHF
2017-09-14,BHGE
2017-09-14,BIIB
2017-09-14,BK
2017-09-14,BLK
2017-09-14,BLL
2017-09-14,BMY
2017-09-14,BRK-B
2017-09-14,BSX
2017-09-14,BWA
2017-09-14,BXP
2017-09-14,C
2017-09-14,CA
2017-09-14,CAG
2017-09-14,CAH
2017-09-14,CAT
2017-09-14,CB
2017-09-14,CBG
2017-09-14,CBOE
2017-09-14,CBS
2017-09-14,CCI
2017-09-14,CCL
2017-09-14,CELG
2017-09-14,CERN
2017-09-14,CF
2017-09-14,CFG
2017-09-14,CHD
2017-09-14,CHK
2017-09-14,CHRW
2017-09-14,CHTR
2017-09-14,CI
2017-09-14,CINF
2017-09-14,CL
2017-09-14,CLX
2017-09-14,CMA
2017-09-14,CMCSA
2017-09-14,CME
2017-09-14,CMG
2017-09-14,CMI
2017-09-14,CMS
2017-09-14,CNC
2017-09-14,CNP
2017-09-14,COF
2017-09-14,COG
2017-09-14,COH
2017-09-14,COL
2017-09-14,COO
2017-09-14,COP
2017-09-14,COST
2017-09-14,COTY
2017-09-14,CPB
2017-09-14,CRM
2017-09-14,CSCO
2017-09-14,CSRA
2017-09-14,CSX
2017-09-14,CTAS
2017-09-14,CTL
2017-09-14,CTSH
2017-09-14,CTXS
2017-09-14,CVS
2017-09-14,CVX
2017-09-14,CXO
2017-09-14,D
2017-09-14,DAL
2017-09-14,DE
2017-09-14,DFS
2017-09-14,DG
2017-09-14,DGX
2017-09-14,DHI
2017-09-14,DHR
2017-09-14,DIS
2017-09-14,DISCA
2017-09-14,DISCK
2017-09-14,DISH
2017-09-14,DLPH
2017-09-14,DLR
2017-09-14,DLTR
2017-09-14,DOV
2017-09-14,DPS
2017-09-14,DRE
2017-09-14,DRI
2017-09-14,DTE
2017-09-14,DUK
2017-09-14,DVA
2017-09-14,DVN
2017-09-14,DWDP
2017-09-14,DXC
2017-09-14,EA
2017-09-14,EBAY
2017-09-14,ECL
2017-09-14,ED
2017-09-14,EFX
2017-09-14,EIX
2017-09-14,EL
2017-09-14,EMN
2017-09-14,EMR
2017-09-14,EOG
2017-09-14,EQIX
2017-09-14,EQR
2017-09-14,EQT
2017-09-14,ES
2017-09-14,ESRX
2017-09-14,ESS
2017-09-14,ETFC
2017-09-14,ETN
2017-09-14,ETR
2017-09-14,EVHC
2017-09-14,EW
2017-09-14,EXC
2017-09-14,EXPD
2017-09-14,EXPE
2017-09-14,EXR
2017-09-14,F
2017-09-14,FAST
2017-09-14,FB
2017-09-14,FBHS
2017-09-14,FCX
2017-09-14,FDX
2017-09-14,FE
2017-09-14,FFIV
2017-09-14,FIS
2017-09-14,FISV
2017-09-14,FITB
2017-09-14,FL
2017-09-14,FLIR
2017-09-14,FLR
2017-09-14,FLS
2017-09-14,FMC
2017-09-14,FOX
2017-09-14,FOXA
2017-09-14,FRT
2017-09-14,FTI
2017-09-14,FTV
2017-09-14,GD
2017-09-14,GE
2017-09-14,GGP
2017-09-14,GILD
2017-09-14,GIS
2017-09-14,GLW
2017-09-14,GM
2017-09-14,GOOG
2017-09-14,GOOGL
2017-09-14,GPC
2017-09-14,GPN
2017-09-14,GPS
2017-09-14,GRMN
2017-09-14,GS
2017-09-14,GT
2017-09-14,GWW
2017-09-14,HAL
2017-09-14,HAS
2017-09-14,HBAN
2017-09-14,HBI
2017-09-14,HCA
2017-09-14,HCN
2017-09-14,HCP
2017-09-14,HD
2017-09-14,HES
2017-09-14,HIG
2017-09-14,HLT
2017-09-14,HOG
2017-09-14,HOLX
2017-09-14,HON
2017-09-14,HP
2017-09-14,HPE
2017-09-14,HPQ
2017-09-14,HRB
2017-09-14,HRL
2017-09-14,HRS
2017-09-14,HSIC
2017-09-14,HST
2017-09-14,HSY
2017-09-14,HUM
2017-09-14,IBM
2017-09-14,ICE
2017-09-14,IDXX
2017-09-14,IFF
2017-09-14,ILMN
2017-09-14,INCY
2017-09-14,INFO
2017-09-14,INTC
2017-09-14,INTU
2017-09-14,IP
2017-09-14,IPG
2017-09-14,IR
2017-09-14,IRM
2017-09-14,ISRG
2017-09-14,IT
2017-09-14,ITW
2017-09-14,IVZ
2017-09-14,JBHT
2017-09-14,JCI
2017-09-14,JEC
2017-09-14,JNJ
2017-09-14,JNPR
2017-09-14,JPM
2017-09-14,JWN
2017-09-14,K
2017-09-14,KEY
2017-09-14,KHC
2017-09-14,KIM
2017-09-14,KLAC
2017-09-14,KMB
2017-09-14,KMI
2017-09-14,KMX
2017-09-14,KO
2017-09-14,KORS
2017-09-14,KR
2017-09-14,KSS
2017-09-14,KSU
2017-09-14,L
2017-09-14,LB
2017-09-14,LEG
2017-09-14,LEN
2017-09-14,LH
2017-09-14,LKQ
2017-09-14,LLL
2017-09-14,LLY
2017-09-14,LMT
2017-09-14,LNC
2017-09-14,LNT
2017-09-14,LOW
2017-09-14,LRCX
2017-09-14,LUK
2017-09-14,LUV
2017-09-14,LVLT
2017-09-14,LYB
2017-09-14,M
2017-09-14,MA
2017-09-14,MAA
2017-09-14,MAC
2017-09-14,MAR
2017-09-14,MAS
2017-09-14,MAT
2017-09-14,MCD
2017-09-14,MCHP
2017-09-14,MCK
2017-09-14,MCO
2017-09-14,MDLZ
2017-09-14,MDT
2017-09-14,MET
2017-09-14,MGM
2017-09-14,MHK
2017-09-14,MKC
2017-09-14,MLM
2017-09-14,MMC
2017-09-14,MMM
2017-09-14,MNST
2017-09-14,MO
2017-09-14,MON
2017-09-14,MOS
2017-09-14,MPC
2017-09-14,MRK
2017-09-14,MRO
2017-09-14,MS
2017-09-14,MSFT
2017-09-14,MSI
2017-09-14,MTB
2017-09-14,MTD
2017-09-14,MU
2017-09-14,MYL
2017-09-14,NAVI
2017-09-14,NBL
2017-09-14,NDAQ
2017-09-14,NEE
2017-09-14,NEM
2017-09-14,NFLX
2017-09-14,NFX
2017-09-14,NI
2017-09-14,NKE
2017-09-14,NLSN
2017-09-14,NOC
2017-09-14,NOV
2017-09-14,NRG
2017-09-14,NSC
2017-09-14,NTAP
2017-09-14,NTRS
2017-09-14,NUE
2017-09-14,NVDA
2017-09-14,NWL
2017-09-14,NWS
2017-09-14,NWSA
2017-09-14,O
2017-09-14,OKE
2017-09-14,OMC
2017-09-14,ORCL
2017-09-14,ORLY
2017-09-14,OXY
2017-09-14,PAYX
2017-09-14,PBCT
2017-09-14,PCAR
2017-09-14,PCG
2017-09-14,PCLN
2017-09-14,PDCO
2017-09-14,PEG
2017-09-14,PEP
2017-09-14,PFE
2017-09-14,PFG
2017-09-14,PG
2017-09-14,PGR
2017-09-14,PH
2017-09-14,PHM
2017-09-14,PKG
2017-09-14,PKI
2017-09-14,PLD
2017-09-14,PM
2017-09-14,PNC
2017-09-14,PNR
2017-09-14,PNW
2017-09-14,PPG
2017-09-14,PPL
2017-09-14,PRGO
2017-09-14,PRU
2017-09-14,PSA
2017-09-14,PSX
2017-09-14,PVH
2017-09-14,PWR
2017-09-14,PX
2017-09-14,PXD
2017-09-14,PYPL
2017-09-14,Q
2017-09-14,QCOM
2017-09-14,QRVO
2017-09-14,RCL
2017-09-14,RE
2017-09-14,REG
2017-09-14,REGN
2017-09-14,RF
2017-09-14,RHI
2017-09-14,RHT
2017-09-14,RJF
2017-09-14,RL
2017-09-14,RMD
2017-09-14,ROK
2017-09-14,ROP
2017-09-14,ROST
2017-09-14,RRC
2017-09-14,RSG
2017-09-14,RTN
2017-09-14,SBAC
2017-09-14,SBUX
2017-09-14,SCG
2017-09-14,SCHW
2017-09-14,SEE
2017-09-14,SHW
2017-09-14,SIG
2017-09-14,SJM
2017-09-14,SLB
2017-09-14,SLG
2017-09-14,SNA
2017-09-14,SNI
2017-09-14,SNPS
2017-09-14,SO
2017-09-14,SPG
2017-09-14,SPGI
2017-09-14,SPLS
2017-09-14,SRCL
2017-09-14,SRE
2017-09-14,STI
2017-09-14,STT
2017-09-14,STX
2017-09-14,STZ
2017-09-14,SWK
2017-09-14,SWKS
2017-09-14,SYF
2017-09-14,SYK
2017-09-14,SYMC
2017-09-14,SYY
2017-09-14,T
2017-09-14,TAP
2017-09-14,TDG
2017-09-14,TEL
2017-09-14,TGT
2017-09-14,TIF
2017-09-14,TJX
2017-09-14,TMK
2017-09-14,TMO
2017-09-14,TRIP
2017-09-14,TROW
2017-09-14,TRV
2017-09-14,TSCO
2017-09-14,TSN
2017-09-14,TSS
2017-09-14,TWX
2017-09-14,TXN
2017-09-14,TXT
2017-09-14,UA
2017-09-14,UAA
2017-09-14,UAL
2017-09-14,UDR
2017-09-14,UHS
2017-09-14,ULTA
2017-09-14,UNH
2017-09-14,UNM
2017-09-14,UNP
2017-09-14,UPS
2017-09-14,URI
2017-09-14,USB
2017-09-14,UTX
2017-09-14,V
2017-09-14,VAR
2017-09-14,VFC
2017-09-14,VIAB
2017-09-14,VLO
2017-09-14,VMC
2017-09-14,VNO
2017-09-14,VRSK
2017-09-14,VRSN
2017-09-14,VRTX
2017-09-14,VTR
2017-09-14,VZ
2017-09-14,WAT
2017-09-14,WBA
2017-09-14,WDC
2017-09-14,WEC
2017-09-14,WFC
2017-09-14,WHR
2017-09-14,WLTW
2017-09-14,WM
2017-09-14,WMB
2017-09-14,WMT
2017-09-14,WRK
2017-09-14,WU
2017-09-14,WY
2017-09-14,WYN
2017-09-14,WYNN
2017-09-14,XEC
2017-09-14,XEL
2017-09-14,XL
2017-09-14,XLNX
2017-09-14,XOM
2017-09-14,XRAY
2017-09-14,XRX
2017-09-14,XYL
2017-09-14,YUM
2017-09-14,ZBH
2017-09-14,ZION
2017-09-14,ZTS
2017-09-15,A
2017-09-15,AAL
2017-09-15,AAP
2017-09-15,AAPL
2017-09-15,ABBV
2017-09-15,ABC
2017-09-15,ABT
2017-09-15,ACN
2017-09-15,ADBE
2017-09-15,ADI
2017-09-15,ADM
2017-09-15,ADP
2017-09-15,ADS
2017-09-15,ADSK
2017-09-15,AEE
2017-09-15,AEP
2017-09-15,AES
2017-09-15,AET
2017-09-15,AFL
2017-09-15,AGN
2017-09-15,AIG
2017-09-15,AIV
2017-09-15,AIZ
2017-09-15,AJG
2017-09-15,AKAM
2017-09-15,ALB
2017-09-15,ALGN
2017-09-15,ALK
2017-09-15,ALL
2017-09-15,ALLE
2017-09-15,ALXN
2017-09-15,AMAT
2017-09-15,AMD
2017-09-15,AME
2017-09-15,AMG
2017-09-15,AMGN
2017-09-15,AMP
2017-09-15,AMT
2017-09-15,AMZN
2017-09-15,ANDV
2017-09-15,ANSS
2017-09-15,ANTM
2017-09-15,AON
2017-09-15,AOS
2017-09-15,APA
2017-09-15,APC
2017-09-15,APD
2017-09-15,APH
2017-09-15,ARE
2017-09-15,ARNC
2017-09-15,ATVI
2017-09-15,AVB
2017-09-15,AVGO
2017-09-15,AVY
2017-09-15,AWK
2017-09-15,AXP
2017-09-15,AYI
2017-09-15,AZO
2017-09-15,BA
2017-09-15,BAC
2017-09-15,BAX
2017-09-15,BBT
2017-09-15,BBY
2017-09-15,BCR
2017-09-15,BDX
2017-09-15,BEN
2017-09-15,BF-B
2017-09-15,BHF
2017-09-15,BHGE
2017-09-15,BIIB
2017-09-15,BK
2017-09-15,BLK
2017-09-15,BLL
2017-09-15,BMY
2017-09-15,BRK-B
2017-09-15,BSX
2017-09-15,BWA
2017-09-15,BXP
2017-09-15,C
2017-09-15,CA
2017-09-15,CAG
2017-09-15,CAH
2017-09-15,CAT
2017-09-15,CB
2017-09-15,CBG
2017-09-15,CBOE
2017-09-15,CBS
2017-09-15,CCI
2017-09-15,CCL
2017-09-15,CELG
2017-09-15,CERN
2017-09-15,CF
2017-09-15,CFG
2017-09-15,CHD
2017-09-15,CHK
2017-09-15,CHRW
2017-09-15,CHTR
2017-09-15,CI
2017-09-15,CINF
2017-09-15,CL
2017-09-15,CLX
2017-09-15,CMA
2017-09-15,CMCSA
2017-09-15,CME
2017-09-15,CMG
2017-09-15,CMI
2017-09-15,CMS
2017-09-15,CNC
2017-09-15,CNP
2017-09-15,COF
2017-09-15,COG
2017-09-15,COH
2017-09-15,COL
2017-09-15,COO
2017-09-15,COP
2017-09-15,COST
2017-09-15,COTY
2017-09-15,CPB
2017-09-15,CRM
2017-09-15,CSCO
2017-09-15,CSRA
2017-09-15,CSX
2017-09-15,CTAS
2017-09-15,CTL
2017-09-15,CTSH
2017-09-15,CTXS
2017-09-15,CVS
2017-09-15,CVX
2017-09-15,CXO
2017-09-15,D
2017-09-15,DAL
2017-09-15,DE
2017-09-15,DFS
2017-09-15,DG
2017-09-15,DGX
2017-09-15,DHI
2017-09-15,DHR
2017-09-15,DIS
2017-09-15,DISCA
2017-09-15,DISCK
2017-09-15,DISH
2017-09-15,DLPH
2017-09-15,DLR
2017-09-15,DLTR
2017-09-15,DOV
2017-09-15,DPS
2017-09-15,DRE
2017-09-15,DRI
2017-09-15,DTE
2017-09-15,DUK
2017-09-15,DVA
2017-09-15,DVN
2017-09-15,DWDP
2017-09-15,DXC
2017-09-15,EA
2017-09-15,EBAY
2017-09-15,ECL
2017-09-15,ED
2017-09-15,EFX
2017-09-15,EIX
2017-09-15,EL
2017-09-15,EMN
2017-09-15,EMR
2017-09-15,EOG
2017-09-15,EQIX
2017-09-15,EQR
2017-09-15,EQT
2017-09-15,ES
2017-09-15,ESRX
2017-09-15,ESS
2017-09-15,ETFC
2017-09-15,ETN
2017-09-15,ETR
2017-09-15,EVHC
2017-09-15,EW
2017-09-15,EXC
2017-09-15,EXPD
2017-09-15,EXPE
2017-09-15,EXR
2017-09-15,F
2017-09-15,FAST
2017-09-15,FB
2017-09-15,FBHS
2017-09-15,FCX
2017-09-15,FDX
2017-09-15,FE
2017-09-15,FFIV
2017-09-15,FIS
2017-09-15,FISV
2017-09-15,FITB
2017-09-15,FL
2017-09-15,FLIR
2017-09-15,FLR
2017-09-15,FLS
2017-09-15,FMC
2017-09-15,FOX
2017-09-15,FOXA
2017-09-15,FRT
2017-09-15,FTI
2017-09-15,FTV
2017-09-15,GD
2017-09-15,GE
2017-09-15,GGP
2017-09-15,GILD
2017-09-15,GIS
2017-09-15,GLW
2017-09-15,GM
2017-09-15,GOOG
2017-09-15,GOOGL
2017-09-15,GPC
2017-09-15,GPN
2017-09-15,GPS
2017-09-15,GRMN
2017-09-15,GS
2017-09-15,GT
2017-09-15,GWW
2017-09-15,HAL
2017-09-15,HAS
2017-09-15,HBAN
2017-09-15,HBI
2017-09-15,HCA
2017-09-15,HCN
2017-09-15,HCP
2017-09-15,HD
2017-09-15,HES
2017-09-15,HIG
2017-09-15,HLT
2017-09-15,HOG
2017-09-15,HOLX
2017-09-15,HON
2017-09-15,HP
2017-09-15,HPE
2017-09-15,HPQ
2017-09-15,HRB
2017-09-15,HRL
2017-09-15,HRS
2017-09-15,HSIC
2017-09-15,HST
2017-09-15,HSY
2017-09-15,HUM
2017-09-15,IBM
2017-09-15,ICE
2017-09-15,IDXX
2017-09-15,IFF
2017-09-15,ILMN
2017-09-15,INCY
2017-09-15,INFO
2017-09-15,INTC
2017-09-15,INTU
2017-09-15,IP
2017-09-15,IPG
2017-09-15,IR
2017-09-15,IRM
2017-09-15,ISRG
2017-09-15,IT
2017-09-15,ITW
2017-09-15,IVZ
2017-09-15,JBHT
2017-09-15,JCI
2017-09-15,JEC
2017-09-15,JNJ
2017-09-15,JNPR
2017-09-15,JPM
2017-09-15,JWN
2017-09-15,K
2017-09-15,KEY
2017-09-15,KHC
2017-09-15,KIM
2017-09-15,KLAC
2017-09-15,KMB
2017-09-15,KMI
2017-09-15,KMX
2017-09-15,KO
2017-09-15,KORS
2017-09-15,KR
2017-09-15,KSS
2017-09-15,KSU
2017-09-15,L
2017-09-15,LB
2017-09-15,LEG
2017-09-15,LEN
2017-09-15,LH
2017-09-15,LKQ
2017-09-15,LLL
2017-09-15,LLY
2017-09-15,LMT
2017-09-15,LNC
2017-09-15,LNT
2017-09-15,LOW
2017-09-15,LRCX
2017-09-15,LUK
2017-09-15,LUV
2017-09-15,LVLT
2017-09-15,LYB
2017-09-15,M
2017-09-15,MA
2017-09-15,MAA
2017-09-15,MAC
2017-09-15,MAR
2017-09-15,MAS
2017-09-15,MAT
2017-09-15,MCD
2017-09-15,MCHP
2017-09-15,MCK
2017-09-15,MCO
2017-09-15,MDLZ
2017-09-15,MDT
2017-09-15,MET
2017-09-15,MGM
2017-09-15,MHK
2017-09-15,MKC
2017-09-15,MLM
2017-09-15,MMC
2017-09-15,MMM
2017-09-15,MNST
2017-09-15,MO
2017-09-15,MON
2017-09-15,MOS
2017-09-15,MPC
2017-09-15,MRK
2017-09-15,MRO
2017-09-15,MS
2017-09-15,MSFT
2017-09-15,MSI
2017-09-15,MTB
2017-09-15,MTD
2017-09-15,MU
2017-09-15,MYL
2017-09-15,NAVI
2017-09-15,NBL
2017-09-15,NDAQ
2017-09-15,NEE
2017-09-15,NEM
2017-09-15,NFLX
2017-09-15,NFX
2017-09-15,NI
2017-09-15,NKE
2017-09-15,NLSN
2017-09-15,NOC
2017-09-15,NOV
2017-09-15,NRG
2017-09-15,NSC
2017-09-15,NTAP
2017-09-15,NTRS
2017-09-15,NUE
2017-09-15,NVDA
2017-09-15,NWL
2017-09-15,NWS
2017-09-15,NWSA
2017-09-15,O
2017-09-15,OKE
2017-09-15,OMC
2017-09-15,ORCL
2017-09-15,ORLY
2017-09-15,OXY
2017-09-15,PAYX
2017-09-15,PBCT
2017-09-15,PCAR
2017-09-15,PCG
2017-09-15,PCLN
2017-09-15,PDCO
2017-09-15,PEG
2017-09-15,PEP
2017-09-15,PFE
2017-09-15,PFG
2017-09-15,PG
2017-09-15,PGR
2017-09-15,PH
2017-09-15,PHM
2017-09-15,PKG
2017-09-15,PKI
2017-09-15,PLD
2017-09-15,PM
2017-09-15,PNC
2017-09-15,PNR
2017-09-15,PNW
2017-09-15,PPG
2017-09-15,PPL
2017-09-15,PRGO
2017-09-15,PRU
2017-09-15,PSA
2017-09-15,PSX
2017-09-15,PVH
2017-09-15,PWR
2017-09-15,PX
2017-09-15,PXD
2017-09-15,PYPL
2017-09-15,Q
2017-09-15,QCOM
2017-09-15,QRVO
2017-09-15,RCL
2017-09-15,RE
2017-09-15,REG
2017-09-15,REGN
2017-09-15,RF
2017-09-15,RHI
2017-09-15,RHT
2017-09-15,RJF
2017-09-15,RL
2017-09-15,RMD
2017-09-15,ROK
2017-09-15,ROP
2017-09-15,ROST
2017-09-15,RRC
2017-09-15,RSG
2017-09-15,RTN
2017-09-15,SBAC
2017-09-15,SBUX
2017-09-15,SCG
2017-09-15,SCHW
2017-09-15,SEE
2017-09-15,SHW
2017-09-15,SIG
2017-09-15,SJM
2017-09-15,SLB
2017-09-15,SLG
2017-09-15,SNA
2017-09-15,SNI
2017-09-15,SNPS
2017-09-15,SO
2017-09-15,SPG
2017-09-15,SPGI
2017-09-15,SPLS
2017-09-15,SRCL
2017-09-15,SRE
2017-09-15,STI
2017-09-15,STT
2017-09-15,STX
2017-09-15,STZ
2017-09-15,SWK
2017-09-15,SWKS
2017-09-15,SYF
2017-09-15,SYK
2017-09-15,SYMC
2017-09-15,SYY
2017-09-15,T
2017-09-15,TAP
2017-09-15,TDG
2017-09-15,TEL
2017-09-15,TGT
2017-09-15,TIF
2017-09-15,TJX
2017-09-15,TMK
2017-09-15,TMO
2017-09-15,TRIP
2017-09-15,TROW
2017-09-15,TRV
2017-09-15,TSCO
2017-09-15,TSN
2017-09-15,TSS
2017-09-15,TWX
2017-09-15,TXN
2017-09-15,TXT
2017-09-15,UA
2017-09-15,UAA
2017-09-15,UAL
2017-09-15,UDR
2017-09-15,UHS
2017-09-15,ULTA
2017-09-15,UNH
2017-09-15,UNM
2017-09-15,UNP
2017-09-15,UPS
2017-09-15,URI
2017-09-15,USB
2017-09-15,UTX
2017-09-15,V
2017-09-15,VAR
2017-09-15,VFC
2017-09-15,VIAB
2017-09-15,VLO
2017-09-15,VMC
2017-09-15,VNO
2017-09-15,VRSK
2017-09-15,VRSN
2017-09-15,VRTX
2017-09-15,VTR
2017-09-15,VZ
2017-09-15,WAT
2017-09-15,WBA
2017-09-15,WDC
2017-09-15,WEC
2017-09-15,WFC
2017-09-15,WHR
2017-09-15,WLTW
2017-09-15,WM
2017-09-15,WMB
2017-09-15,WMT
2017-09-15,WRK
2017-09-15,WU
2017-09-15,WY
2017-09-15,WYN
2017-09-15,WYNN
2017-09-15,XEC
2017-09-15,XEL
2017-09-15,XL
2017-09-15,XLNX
2017-09-15,XOM
2017-09-15,XRAY
2017-09-15,XRX
2017-09-15,XYL
2017-09-15,YUM
2017-09-15,ZBH
2017-09-15,ZION
2017-09-15,ZTS
2017-09-16,A
2017-09-16,AAL
2017-09-16,AAP
2017-09-16,AAPL
2017-09-16,ABBV
2017-09-16,ABC
2017-09-16,ABT
2017-09-16,ACN
2017-09-16,ADBE
2017-09-16,ADI
2017-09-16,ADM
2017-09-16,ADP
2017-09-16,ADS
2017-09-16,ADSK
2017-09-16,AEE
2017-09-16,AEP
2017-09-16,AES
2017-09-16,AET
2017-09-16,AFL
2017-09-16,AGN
2017-09-16,AIG
2017-09-16,AIV
2017-09-16,AIZ
2017-09-16,AJG
2017-09-16,AKAM
2017-09-16,ALB
2017-09-16,ALGN
2017-09-16,ALK
2017-09-16,ALL
2017-09-16,ALLE
2017-09-16,ALXN
2017-09-16,AMAT
2017-09-16,AMD
2017-09-16,AME
2017-09-16,AMG
2017-09-16,AMGN
2017-09-16,AMP
2017-09-16,AMT
2017-09-16,AMZN
2017-09-16,ANDV
2017-09-16,ANSS
2017-09-16,ANTM
2017-09-16,AON
2017-09-16,AOS
2017-09-16,APA
2017-09-16,APC
2017-09-16,APD
2017-09-16,APH
2017-09-16,ARE
2017-09-16,ARNC
2017-09-16,ATVI
2017-09-16,AVB
2017-09-16,AVGO
2017-09-16,AVY
2017-09-16,AWK
2017-09-16,AXP
2017-09-16,AYI
2017-09-16,AZO
2017-09-16,BA
2017-09-16,BAC
2017-09-16,BAX
2017-09-16,BBT
2017-09-16,BBY
2017-09-16,BCR
2017-09-16,BDX
2017-09-16,BEN
2017-09-16,BF-B
2017-09-16,BHF
2017-09-16,BHGE
2017-09-16,BIIB
2017-09-16,BK
2017-09-16,BLK
2017-09-16,BLL
2017-09-16,BMY
2017-09-16,BRK-B
2017-09-16,BSX
2017-09-16,BWA
2017-09-16,BXP
2017-09-16,C
2017-09-16,CA
2017-09-16,CAG
2017-09-16,CAH
2017-09-16,CAT
2017-09-16,CB
2017-09-16,CBG
2017-09-16,CBOE
2017-09-16,CBS
2017-09-16,CCI
2017-09-16,CCL
2017-09-16,CELG
2017-09-16,CERN
2017-09-16,CF
2017-09-16,CFG
2017-09-16,CHD
2017-09-16,CHK
2017-09-16,CHRW
2017-09-16,CHTR
2017-09-16,CI
2017-09-16,CINF
2017-09-16,CL
2017-09-16,CLX
2017-09-16,CMA
2017-09-16,CMCSA
2017-09-16,CME
2017-09-16,CMG
2017-09-16,CMI
2017-09-16,CMS
2017-09-16,CNC
2017-09-16,CNP
2017-09-16,COF
2017-09-16,COG
2017-09-16,COH
2017-09-16,COL
2017-09-16,COO
2017-09-16,COP
2017-09-16,COST
2017-09-16,COTY
2017-09-16,CPB
2017-09-16,CRM
2017-09-16,CSCO
2017-09-16,CSRA
2017-09-16,CSX
2017-09-16,CTAS
2017-09-16,CTL
2017-09-16,CTSH
2017-09-16,CTXS
2017-09-16,CVS
2017-09-16,CVX
2017-09-16,CXO
2017-09-16,D
2017-09-16,DAL
2017-09-16,DE
2017-09-16,DFS
2017-09-16,DG
2017-09-16,DGX
2017-09-16,DHI
2017-09-16,DHR
2017-09-16,DIS
2017-09-16,DISCA
2017-09-16,DISCK
2017-09-16,DISH
2017-09-16,DLPH
2017-09-16,DLR
2017-09-16,DLTR
2017-09-16,DOV
2017-09-16,DPS
2017-09-16,DRE
2017-09-16,DRI
2017-09-16,DTE
2017-09-16,DUK
2017-09-16,DVA
2017-09-16,DVN
2017-09-16,DWDP
2017-09-16,DXC
2017-09-16,EA
2017-09-16,EBAY
2017-09-16,ECL
2017-09-16,ED
2017-09-16,EFX
2017-09-16,EIX
2017-09-16,EL
2017-09-16,EMN
2017-09-16,EMR
2017-09-16,EOG
2017-09-16,EQIX
2017-09-16,EQR
2017-09-16,EQT
2017-09-16,ES
2017-09-16,ESRX
2017-09-16,ESS
2017-09-16,ETFC
2017-09-16,ETN
2017-09-16,ETR
2017-09-16,EVHC
2017-09-16,EW
2017-09-16,EXC
2017-09-16,EXPD
2017-09-16,EXPE
2017-09-16,EXR
2017-09-16,F
2017-09-16,FAST
2017-09-16,FB
2017-09-16,FBHS
2017-09-16,FCX
2017-09-16,FDX
2017-09-16,FE
2017-09-16,FFIV
2017-09-16,FIS
2017-09-16,FISV
2017-09-16,FITB
2017-09-16,FL
2017-09-16,FLIR
2017-09-16,FLR
2017-09-16,FLS
2017-09-16,FMC
2017-09-16,FOX
2017-09-16,FOXA
2017-09-16,FRT
2017-09-16,FTI
2017-09-16,FTV
2017-09-16,GD
2017-09-16,GE
2017-09-16,GGP
2017-09-16,GILD
2017-09-16,GIS
2017-09-16,GLW
2017-09-16,GM
2017-09-16,GOOG
2017-09-16,GOOGL
2017-09-16,GPC
2017-09-16,GPN
2017-09-16,GPS
2017-09-16,GRMN
2017-09-16,GS
2017-09-16,GT
2017-09-16,GWW
2017-09-16,HAL
2017-09-16,HAS
2017-09-16,HBAN
2017-09-16,HBI
2017-09-16,HCA
2017-09-16,HCN
2017-09-16,HCP
2017-09-16,HD
2017-09-16,HES
2017-09-16,HIG
2017-09-16,HLT
2017-09-16,HOG
2017-09-16,HOLX
2017-09-16,HON
2017-09-16,HP
2017-09-16,HPE
2017-09-16,HPQ
2017-09-16,HRB
2017-09-16,HRL
2017-09-16,HRS
2017-09-16,HSIC
2017-09-16,HST
2017-09-16,HSY
2017-09-16,HUM
2017-09-16,IBM
2017-09-16,ICE
2017-09-16,IDXX
2017-09-16,IFF
2017-09-16,ILMN
2017-09-16,INCY
2017-09-16,INFO
2017-09-16,INTC
2017-09-16,INTU
2017-09-16,IP
2017-09-16,IPG
2017-09-16,IR
2017-09-16,IRM
2017-09-16,ISRG
2017-09-16,IT
2017-09-16,ITW
2017-09-16,IVZ
2017-09-16,JBHT
2017-09-16,JCI
2017-09-16,JEC
2017-09-16,JNJ
2017-09-16,JNPR
2017-09-16,JPM
2017-09-16,JWN
2017-09-16,K
2017-09-16,KEY
2017-09-16,KHC
2017-09-16,KIM
2017-09-16,KLAC
2017-09-16,KMB
2017-09-16,KMI
2017-09-16,KMX
2017-09-16,KO
2017-09-16,KORS
2017-09-16,KR
2017-09-16,KSS
2017-09-16,KSU
2017-09-16,L
2017-09-16,LB
2017-09-16,LEG
2017-09-16,LEN
2017-09-16,LH
2017-09-16,LKQ
2017-09-16,LLL
2017-09-16,LLY
2017-09-16,LMT
2017-09-16,LNC
2017-09-16,LNT
2017-09-16,LOW
2017-09-16,LRCX
2017-09-16,LUK
2017-09-16,LUV
2017-09-16,LVLT
2017-09-16,LYB
2017-09-16,M
2017-09-16,MA
2017-09-16,MAA
2017-09-16,MAC
2017-09-16,MAR
2017-09-16,MAS
2017-09-16,MAT
2017-09-16,MCD
2017-09-16,MCHP
2017-09-16,MCK
2017-09-16,MCO
2017-09-16,MDLZ
2017-09-16,MDT
2017-09-16,MET
2017-09-16,MGM
2017-09-16,MHK
2017-09-16,MKC
2017-09-16,MLM
2017-09-16,MMC
2017-09-16,MMM
2017-09-16,MNST
2017-09-16,MO
2017-09-16,MON
2017-09-16,MOS
2017-09-16,MPC
2017-09-16,MRK
2017-09-16,MRO
2017-09-16,MS
2017-09-16,MSFT
2017-09-16,MSI
2017-09-16,MTB
2017-09-16,MTD
2017-09-16,MU
2017-09-16,MYL
2017-09-16,NAVI
2017-09-16,NBL
2017-09-16,NDAQ
2017-09-16,NEE
2017-09-16,NEM
2017-09-16,NFLX
2017-09-16,NFX
2017-09-16,NI
2017-09-16,NKE
2017-09-16,NLSN
2017-09-16,NOC
2017-09-16,NOV
2017-09-16,NRG
2017-09-16,NSC
2017-09-16,NTAP
2017-09-16,NTRS
2017-09-16,NUE
2017-09-16,NVDA
2017-09-16,NWL
2017-09-16,NWS
2017-09-16,NWSA
2017-09-16,O
2017-09-16,OKE
2017-09-16,OMC
2017-09-16,ORCL
2017-09-16,ORLY
2017-09-16,OXY
2017-09-16,PAYX
2017-09-16,PBCT
2017-09-16,PCAR
2017-09-16,PCG
2017-09-16,PCLN
2017-09-16,PDCO
2017-09-16,PEG
2017-09-16,PEP
2017-09-16,PFE
2017-09-16,PFG
2017-09-16,PG
2017-09-16,PGR
2017-09-16,PH
2017-09-16,PHM
2017-09-16,PKG
2017-09-16,PKI
2017-09-16,PLD
2017-09-16,PM
2017-09-16,PNC
2017-09-16,PNR
2017-09-16,PNW
2017-09-16,PPG
2017-09-16,PPL
2017-09-16,PRGO
2017-09-16,PRU
2017-09-16,PSA
2017-09-16,PSX
2017-09-16,PVH
2017-09-16,PWR
2017-09-16,PX
2017-09-16,PXD
2017-09-16,PYPL
2017-09-16,Q
2017-09-16,QCOM
2017-09-16,QRVO
2017-09-16,RCL
2017-09-16,RE
2017-09-16,REG
2017-09-16,REGN
2017-09-16,RF
2017-09-16,RHI
2017-09-16,RHT
2017-09-16,RJF
2017-09-16,RL
2017-09-16,RMD
2017-09-16,ROK
2017-09-16,ROP
2017-09-16,ROST
2017-09-16,RRC
2017-09-16,RSG
2017-09-16,RTN
2017-09-16,SBAC
2017-09-16,SBUX
2017-09-16,SCG
2017-09-16,SCHW
2017-09-16,SEE
2017-09-16,SHW
2017-09-16,SIG
2017-09-16,SJM
2017-09-16,SLB
2017-09-16,SLG
2017-09-16,SNA
2017-09-16,SNI
2017-09-16,SNPS
2017-09-16,SO
2017-09-16,SPG
2017-09-16,SPGI
2017-09-16,SPLS
2017-09-16,SRCL
2017-09-16,SRE
2017-09-16,STI
2017-09-16,STT
2017-09-16,STX
2017-09-16,STZ
2017-09-16,SWK
2017-09-16,SWKS
2017-09-16,SYF
2017-09-16,SYK
2017-09-16,SYMC
2017-09-16,SYY
2017-09-16,T
2017-09-16,TAP
2017-09-16,TDG
2017-09-16,TEL
2017-09-16,TGT
2017-09-16,TIF
2017-09-16,TJX
2017-09-16,TMK
2017-09-16,TMO
2017-09-16,TRIP
2017-09-16,TROW
2017-09-16,TRV
2017-09-16,TSCO
2017-09-16,TSN
2017-09-16,TSS
2017-09-16,TWX
2017-09-16,TXN
2017-09-16,TXT
2017-09-16,UA
2017-09-16,UAA
2017-09-16,UAL
2017-09-16,UDR
2017-09-16,UHS
2017-09-16,ULTA
2017-09-16,UNH
2017-09-16,UNM
2017-09-16,UNP
2017-09-16,UPS
2017-09-16,URI
2017-09-16,USB
2017-09-16,UTX
2017-09-16,V
2017-09-16,VAR
2017-09-16,VFC
2017-09-16,VIAB
2017-09-16,VLO
2017-09-16,VMC
2017-09-16,VNO
2017-09-16,VRSK
2017-09-16,VRSN
2017-09-16,VRTX
2017-09-16,VTR
2017-09-16,VZ
2017-09-16,WAT
2017-09-16,WBA
2017-09-16,WDC
2017-09-16,WEC
2017-09-16,WFC
2017-09-16,WHR
2017-09-16,WLTW
2017-09-16,WM
2017-09-16,WMB
2017-09-16,WMT
2017-09-16,WRK
2017-09-16,WU
2017-09-16,WY
2017-09-16,WYN
2017-09-16,WYNN
2017-09-16,XEC
2017-09-16,XEL
2017-09-16,XL
2017-09-16,XLNX
2017-09-16,XOM
2017-09-16,XRAY
2017-09-16,XRX
2017-09-16,XYL
2017-09-16,YUM
2017-09-16,ZBH
2017-09-16,ZION
2017-09-16,ZTS
2017-09-17,A
2017-09-17,AAL
2017-09-17,AAP
2017-09-17,AAPL
2017-09-17,ABBV
2017-09-17,ABC
2017-09-17,ABT
2017-09-17,ACN
2017-09-17,ADBE
2017-09-17,ADI
2017-09-17,ADM
2017-09-17,ADP
2017-09-17,ADS
2017-09-17,ADSK
2017-09-17,AEE
2017-09-17,AEP
2017-09-17,AES
2017-09-17,AET
2017-09-17,AFL
2017-09-17,AGN
2017-09-17,AIG
2017-09-17,AIV
2017-09-17,AIZ
2017-09-17,AJG
2017-09-17,AKAM
2017-09-17,ALB
2017-09-17,ALGN
2017-09-17,ALK
2017-09-17,ALL
2017-09-17,ALLE
2017-09-17,ALXN
2017-09-17,AMAT
2017-09-17,AMD
2017-09-17,AME
2017-09-17,AMG
2017-09-17,AMGN
2017-09-17,AMP
2017-09-17,AMT
2017-09-17,AMZN
2017-09-17,ANDV
2017-09-17,ANSS
2017-09-17,ANTM
2017-09-17,AON
2017-09-17,AOS
2017-09-17,APA
2017-09-17,APC
2017-09-17,APD
2017-09-17,APH
2017-09-17,ARE
2017-09-17,ARNC
2017-09-17,ATVI
2017-09-17,AVB
2017-09-17,AVGO
2017-09-17,AVY
2017-09-17,AWK
2017-09-17,AXP
2017-09-17,AYI
2017-09-17,AZO
2017-09-17,BA
2017-09-17,BAC
2017-09-17,BAX
2017-09-17,BBT
2017-09-17,BBY
2017-09-17,BCR
2017-09-17,BDX
2017-09-17,BEN
2017-09-17,BF-B
2017-09-17,BHF
2017-09-17,BHGE
2017-09-17,BIIB
2017-09-17,BK
2017-09-17,BLK
2017-09-17,BLL
2017-09-17,BMY
2017-09-17,BRK-B
2017-09-17,BSX
2017-09-17,BWA
2017-09-17,BXP
2017-09-17,C
2017-09-17,CA
2017-09-17,CAG
2017-09-17,CAH
2017-09-17,CAT
2017-09-17,CB
2017-09-17,CBG
2017-09-17,CBOE
2017-09-17,CBS
2017-09-17,CCI
2017-09-17,CCL
2017-09-17,CDNS
2017-09-17,CELG
2017-09-17,CERN
2017-09-17,CF
2017-09-17,CFG
2017-09-17,CHD
2017-09-17,CHK
2017-09-17,CHRW
2017-09-17,CHTR
2017-09-17,CI
2017-09-17,CINF
2017-09-17,CL
2017-09-17,CLX
2017-09-17,CMA
2017-09-17,CMCSA
2017-09-17,CME
2017-09-17,CMG
2017-09-17,CMI
2017-09-17,CMS
2017-09-17,CNC
2017-09-17,CNP
2017-09-17,COF
2017-09-17,COG
2017-09-17,COH
2017-09-17,COL
2017-09-17,COO
2017-09-17,COP
2017-09-17,COST
2017-09-17,COTY
2017-09-17,CPB
2017-09-17,CRM
2017-09-17,CSCO
2017-09-17,CSRA
2017-09-17,CSX
2017-09-17,CTAS
2017-09-17,CTL
2017-09-17,CTSH
2017-09-17,CTXS
2017-09-17,CVS
2017-09-17,CVX
2017-09-17,CXO
2017-09-17,D
2017-09-17,DAL
2017-09-17,DE
2017-09-17,DFS
2017-09-17,DG
2017-09-17,DGX
2017-09-17,DHI
2017-09-17,DHR
2017-09-17,DIS
2017-09-17,DISCA
2017-09-17,DISCK
2017-09-17,DISH
2017-09-17,DLPH
2017-09-17,DLR
2017-09-17,DLTR
2017-09-17,DOV
2017-09-17,DPS
2017-09-17,DRE
2017-09-17,DRI
2017-09-17,DTE
2017-09-17,DUK
2017-09-17,DVA
2017-09-17,DVN
2017-09-17,DWDP
2017-09-17,DXC
2017-09-17,EA
2017-09-17,EBAY
2017-09-17,ECL
2017-09-17,ED
2017-09-17,EFX
2017-09-17,EIX
2017-09-17,EL
2017-09-17,EMN
2017-09-17,EMR
2017-09-17,EOG
2017-09-17,EQIX
2017-09-17,EQR
2017-09-17,EQT
2017-09-17,ES
2017-09-17,ESRX
2017-09-17,ESS
2017-09-17,ETFC
2017-09-17,ETN
2017-09-17,ETR
2017-09-17,EVHC
2017-09-17,EW
2017-09-17,EXC
2017-09-17,EXPD
2017-09-17,EXPE
2017-09-17,EXR
2017-09-17,F
2017-09-17,FAST
2017-09-17,FB
2017-09-17,FBHS
2017-09-17,FCX
2017-09-17,FDX
2017-09-17,FE
2017-09-17,FFIV
2017-09-17,FIS
2017-09-17,FISV
2017-09-17,FITB
2017-09-17,FL
2017-09-17,FLIR
2017-09-17,FLR
2017-09-17,FLS
2017-09-17,FMC
2017-09-17,FOX
2017-09-17,FOXA
2017-09-17,FRT
2017-09-17,FTI
2017-09-17,FTV
2017-09-17,GD
2017-09-17,GE
2017-09-17,GGP
2017-09-17,GILD
2017-09-17,GIS
2017-09-17,GLW
2017-09-17,GM
2017-09-17,GOOG
2017-09-17,GOOGL
2017-09-17,GPC
2017-09-17,GPN
2017-09-17,GPS
2017-09-17,GRMN
2017-09-17,GS
2017-09-17,GT
2017-09-17,GWW
2017-09-17,HAL
2017-09-17,HAS
2017-09-17,HBAN
2017-09-17,HBI
2017-09-17,HCA
2017-09-17,HCN
2017-09-17,HCP
2017-09-17,HD
2017-09-17,HES
2017-09-17,HIG
2017-09-17,HLT
2017-09-17,HOG
2017-09-17,HOLX
2017-09-17,HON
2017-09-17,HP
2017-09-17,HPE
2017-09-17,HPQ
2017-09-17,HRB
2017-09-17,HRL
2017-09-17,HRS
2017-09-17,HSIC
2017-09-17,HST
2017-09-17,HSY
2017-09-17,HUM
2017-09-17,IBM
2017-09-17,ICE
2017-09-17,IDXX
2017-09-17,IFF
2017-09-17,ILMN
2017-09-17,INCY
2017-09-17,INFO
2017-09-17,INTC
2017-09-17,INTU
2017-09-17,IP
2017-09-17,IPG
2017-09-17,IR
2017-09-17,IRM
2017-09-17,ISRG
2017-09-17,IT
2017-09-17,ITW
2017-09-17,IVZ
2017-09-17,JBHT
2017-09-17,JCI
2017-09-17,JEC
2017-09-17,JNJ
2017-09-17,JNPR
2017-09-17,JPM
2017-09-17,JWN
2017-09-17,K
2017-09-17,KEY
2017-09-17,KHC
2017-09-17,KIM
2017-09-17,KLAC
2017-09-17,KMB
2017-09-17,KMI
2017-09-17,KMX
2017-09-17,KO
2017-09-17,KORS
2017-09-17,KR
2017-09-17,KSS
2017-09-17,KSU
2017-09-17,L
2017-09-17,LB
2017-09-17,LEG
2017-09-17,LEN
2017-09-17,LH
2017-09-17,LKQ
2017-09-17,LLL
2017-09-17,LLY
2017-09-17,LMT
2017-09-17,LNC
2017-09-17,LNT
2017-09-17,LOW
2017-09-17,LRCX
2017-09-17,LUK
2017-09-17,LUV
2017-09-17,LVLT
2017-09-17,LYB
2017-09-17,M
2017-09-17,MA
2017-09-17,MAA
2017-09-17,MAC
2017-09-17,MAR
2017-09-17,MAS
2017-09-17,MAT
2017-09-17,MCD
2017-09-17,MCHP
2017-09-17,MCK
2017-09-17,MCO
2017-09-17,MDLZ
2017-09-17,MDT
2017-09-17,MET
2017-09-17,MGM
2017-09-17,MHK
2017-09-17,MKC
2017-09-17,MLM
2017-09-17,MMC
2017-09-17,MMM
2017-09-17,MNST
2017-09-17,MO
2017-09-17,MON
2017-09-17,MOS
2017-09-17,MPC
2017-09-17,MRK
2017-09-17,MRO
2017-09-17,MS
2017-09-17,MSFT
2017-09-17,MSI
2017-09-17,MTB
2017-09-17,MTD
2017-09-17,MU
2017-09-17,MYL
2017-09-17,NAVI
2017-09-17,NBL
2017-09-17,NDAQ
2017-09-17,NEE
2017-09-17,NEM
2017-09-17,NFLX
2017-09-17,NFX
2017-09-17,NI
2017-09-17,NKE
2017-09-17,NLSN
2017-09-17,NOC
2017-09-17,NOV
2017-09-17,NRG
2017-09-17,NSC
2017-09-17,NTAP
2017-09-17,NTRS
2017-09-17,NUE
2017-09-17,NVDA
2017-09-17,NWL
2017-09-17,NWS
2017-09-17,NWSA
2017-09-17,O
2017-09-17,OKE
2017-09-17,OMC
2017-09-17,ORCL
2017-09-17,ORLY
2017-09-17,OXY
2017-09-17,PAYX
2017-09-17,PBCT
2017-09-17,PCAR
2017-09-17,PCG
2017-09-17,PCLN
2017-09-17,PDCO
2017-09-17,PEG
2017-09-17,PEP
2017-09-17,PFE
2017-09-17,PFG
2017-09-17,PG
2017-09-17,PGR
2017-09-17,PH
2017-09-17,PHM
2017-09-17,PKG
2017-09-17,PKI
2017-09-17,PLD
2017-09-17,PM
2017-09-17,PNC
2017-09-17,PNR
2017-09-17,PNW
2017-09-17,PPG
2017-09-17,PPL
2017-09-17,PRGO
2017-09-17,PRU
2017-09-17,PSA
2017-09-17,PSX
2017-09-17,PVH
2017-09-17,PWR
2017-09-17,PX
2017-09-17,PXD
2017-09-17,PYPL
2017-09-17,Q
2017-09-17,QCOM
2017-09-17,QRVO
2017-09-17,RCL
2017-09-17,RE
2017-09-17,REG
2017-09-17,REGN
2017-09-17,RF
2017-09-17,RHI
2017-09-17,RHT
2017-09-17,RJF
2017-09-17,RL
2017-09-17,RMD
2017-09-17,ROK
2017-09-17,ROP
2017-09-17,ROST
2017-09-17,RRC
2017-09-17,RSG
2017-09-17,RTN
2017-09-17,SBAC
2017-09-17,SBUX
2017-09-17,SCG
2017-09-17,SCHW
2017-09-17,SEE
2017-09-17,SHW
2017-09-17,SIG
2017-09-17,SJM
2017-09-17,SLB
2017-09-17,SLG
2017-09-17,SNA
2017-09-17,SNI
2017-09-17,SNPS
2017-09-17,SO
2017-09-17,SPG
2017-09-17,SPGI
2017-09-17,SRCL
2017-09-17,SRE
2017-09-17,STI
2017-09-17,STT
2017-09-17,STX
2017-09-17,STZ
2017-09-17,SWK
2017-09-17,SWKS
2017-09-17,SYF
2017-09-17,SYK
2017-09-17,SYMC
2017-09-17,SYY
2017-09-17,T
2017-09-17,TAP
2017-09-17,TDG
2017-09-17,TEL
2017-09-17,TGT
2017-09-17,TIF
2017-09-17,TJX
2017-09-17,TMK
2017-09-17,TMO
2017-09-17,TRIP
2017-09-17,TROW
2017-09-17,TRV
2017-09-17,TSCO
2017-09-17,TSN
2017-09-17,TSS
2017-09-17,TWX
2017-09-17,TXN
2017-09-17,TXT
2017-09-17,UA
2017-09-17,UAA
2017-09-17,UAL
2017-09-17,UDR
2017-09-17,UHS
2017-09-17,ULTA
2017-09-17,UNH
2017-09-17,UNM
2017-09-17,UNP
2017-09-17,UPS
2017-09-17,URI
2017-09-17,USB
2017-09-17,UTX
2017-09-17,V
2017-09-17,VAR
2017-09-17,VFC
2017-09-17,VIAB
2017-09-17,VLO
2017-09-17,VMC
2017-09-17,VNO
2017-09-17,VRSK
2017-09-17,VRSN
2017-09-17,VRTX
2017-09-17,VTR
2017-09-17,VZ
2017-09-17,WAT
2017-09-17,WBA
2017-09-17,WDC
2017-09-17,WEC
2017-09-17,WFC
2017-09-17,WHR
2017-09-17,WLTW
2017-09-17,WM
2017-09-17,WMB
2017-09-17,WMT
2017-09-17,WRK
2017-09-17,WU
2017-09-17,WY
2017-09-17,WYN
2017-09-17,WYNN
2017-09-17,XEC
2017-09-17,XEL
2017-09-17,XL
2017-09-17,XLNX
2017-09-17,XOM
2017-09-17,XRAY
2017-09-17,XRX
2017-09-17,XYL
2017-09-17,YUM
2017-09-17,ZBH
2017-09-17,ZION
2017-09-17,ZTS
