2017-10-14,A,66.99,0.49590254,67.82,42.92,0.0075658862,34.548737,25.864864,2.73,4.906522,4.6810145,21559257088,835000000,25.8194695665,19.764,"""Agilent Technologies, Inc."""
2017-10-14,AAL,52.7,0.36469674,54.48,38.21,0.0075973407,13.083417,9.310954,4.94,0.6242946,6.917826,25665374208,5629000192,4.55949073238,5.771,"""American Airlines Group Inc."""
2017-10-14,AAP,85.51,-0.3958261,177.83,82.21,0.0027726432,17.071272,13.8814945,1.54,0.66577715,2.0186021,6315768832,559783040,11.282529803,N/A,"""Advance Auto Parts, Inc."""
2017-10-14,AAPL,156.99,0.3270948,164.94,104.08,0.015,17.82357,14.429228,1.47,3.6280272,6.128831,810889510912,64068001792,12.6567005093,N/A,"""Apple Inc."""
2017-10-14,ABBV,90.67,0.52011967,92.61,55.06,0.02723693,22.299557,13.992284,1.17,5.411312,24.050398,144536141824,7100000256,20.3572023398,N/A,"""AbbVie Inc."""
2017-10-14,ABC,79.44,0.013293266,97.85,68.38,0.0177599,20.69828,13.06579,1.67,0.11482881,6.814205,17406257152,1478204928,11.7752666239,N/A,"""AmerisourceBergen Corporation"""
2017-10-14,ABT,54.65,0.34786892,55.43,37.38,0.019283494,76.54062,19.658274,1.95,4.0221586,3.0045633,94951096320,4312000000,22.02019859,20.81,"""Abbott Laboratories"""
2017-10-14,ACN,139.2,0.19127083,140.0,112.31,0.017385058,24.650257,21.614906,2.2,2.468384,10.531094,86023643136,4973039104,17.2980025568,13.341,"""Accenture plc"""
2017-10-14,ADBE,153.93,0.4290632,157.89,98.0,N/A,53.615463,30.182352,1.32,10.9916115,9.730703,75878711296,2775233792,27.3413762526,N/A,"""Adobe Systems Incorporated"""
2017-10-14,ADI,89.06,0.43970823,90.49,61.27,0.019587977,34.109535,18.138493,1.06,7.16517,3.2795699,32744511488,958656960,34.1566512885,21.284,"""Analog Devices, Inc."""
2017-10-14,ADM,44.0,0.037992835,47.88,40.22,0.02854512,18.60465,15.277777,-6.84,0.39751863,1.4227971,24751099904,3158000128,7.83758673236,11.182,"""Archer-Daniels-Midland Company"""
2017-10-14,ADP,113.86,0.30204034,121.77,85.48,0.019720046,29.574026,26.853775,2.87,4.087456,12.740293,50601889792,2125899904,23.8025740049,N/A,"""Automatic Data Processing, Inc."""
2017-10-14,ADS,230.86,0.06631148,266.25,197.69,0.0070863995,26.32383,10.782812,0.93,1.7276869,8.992677,12808897536,2367899904,5.40939146725,21.698,"""Alliance Data Systems Corporation"""
2017-10-14,ADSK,119.63,0.7282498,119.84,67.15,N/A,-44.754955,98.86776,-1.41,13.406585,83.249825,26221938688,-4000000,-6555.484672,N/A,"""Autodesk, Inc."""
2017-10-14,AEE,60.41,0.25238693,60.91,46.97,0.028919457,21.144556,20.069767,3.53,2.419142,2.0474496,14657581056,2223000064,6.59360352407,9.244,"""Ameren Corporation"""
2017-10-14,AEP,73.16,0.16468155,74.59,57.89,0.03176984,62.96042,18.85567,7.0,2.2556915,2.0187638,35983015936,4512999936,7.97319221057,10.885,"""American Electric Power Company, Inc."""
2017-10-14,AES,11.25,-0.041844547,12.48,10.6,0.040998217,-9.89446,9.221312,1.1,0.52875084,2.458479,7427891712,2471000064,3.00602651542,7.3,"""The AES Corporation"""
2017-10-14,AET,153.06,0.4240023,164.52,104.59,0.009709366,33.975582,15.035363,1.71,0.8162774,3.2998447,50770001920,2200999936,23.0667893668,9.189,"""Aetna Inc."""
2017-10-14,AFL,84.01,0.18861508,84.68,66.5,0.020252561,12.701845,12.300147,1.48,1.4659891,1.5471171,33203187712,6297999872,5.27202102045,7.086,"""Aflac Incorporated"""
2017-10-14,AGN,205.52,-0.08888793,256.8,184.5,0.0068600546,6.2616544,11.46875,1.01,4.56013,0.97686183,68706566144,1144999936,60.0057379776,N/A,"""Allergan plc"""
2017-10-14,AIG,63.16,0.03748548,67.47,57.35,0.020463629,-229.67271,11.717997,0.12,1.1440885,0.7738584,57059123200,-7472999936,-7.63537049226,N/A,"""American International Group, Inc."""
2017-10-14,AIV,44.66,0.049895644,46.86,39.66,0.031167107,35.165356,77.0,13.56,7.4937477,5.120385,7345409024,376972000,19.4852907484,20.633,"""Apartment Investment and Management Company"""
2017-10-14,AIZ,95.71,0.0513916,106.99,78.5,0.021782178,12.578525,13.404762,1.4,0.77479833,1.2248528,5220980224,458026016,11.398872644,6.058,"""Assurant, Inc."""
2017-10-14,AJG,62.02,0.24303746,62.31,47.16,0.024822693,25.008064,18.458334,2.06,1.9316076,2.9062793,11173771264,698099968,16.0059759006,15.221,"""Arthur J. Gallagher & Co."""
2017-10-14,AKAM,50.76,-0.08045137,71.64,44.65,N/A,28.989147,18.661764,1.58,3.5981102,2.656479,8701431808,797806976,10.9066880458,12.162,"""Akamai Technologies, Inc."""
2017-10-14,ALB,138.94,0.68963814,140.1,76.32,0.009104151,17.769537,27.677292,2.09,5.462347,4.078314,15349118976,426099008,36.0224236335,21.194,"""Albemarle Corporation"""
2017-10-14,ALGN,192.81,1.142555,194.84,83.27,N/A,66.03082,47.373463,2.32,12.476707,14.331054,15453837312,298894976,51.7032354267,N/A,"""Align Technology, Inc."""
2017-10-14,ALK,80.96,0.11759794,101.43,69.12,0.014303482,13.166368,9.569739,1.12,1.440857,3.0637655,10000989184,1571000064,6.36600176739,5.598,"""Alaska Air Group, Inc."""
2017-10-14,ALL,92.34,0.33458328,95.25,66.55,0.015128593,13.6395855,12.950911,0.83,0.88933855,1.6874075,33367982080,3983000064,8.37760018675,N/A,"""The Allstate Corporation"""
2017-10-14,ALLE,88.3,0.31050634,89.81,61.47,0.0062527917,34.158607,21.27711,1.7,3.6049063,31.614752,8387175936,340300000,24.6464176785,18.691,"""Allegion plc"""
2017-10-14,ALXN,140.61,0.18406296,149.34,96.18,N/A,60.975716,20.115881,1.34,9.197551,3.5488758,31382042624,1260999936,24.886633003,N/A,"""Alexion Pharmaceuticals, Inc."""
2017-10-14,AMAT,53.94,0.917626,54.13,27.74,0.0075032827,19.175257,14.941829,0.58,4.149042,6.599779,57526468608,3707000064,15.5183349379,N/A,"""Applied Materials, Inc."""
2017-10-14,AMD,14.22,1.1289356,15.65,6.22,N/A,-23.660566,45.870968,405.71,2.9147432,32.318184,13463197696,-164000000,-82.092668878,N/A,"""Advanced Micro Devices, Inc."""
2017-10-14,AME,67.2,0.47656763,67.65,43.98,0.005364327,29.486614,24.0,3.06,3.8868117,4.317656,15509424128,757684032,20.4695143001,16.503,"""AMETEK, Inc."""
2017-10-14,AMG,193.55,0.38578165,196.77,130.48,0.0020644097,21.44123,11.845165,0.95,4.900301,3.005388,10831135744,1130199936,9.58338024893,14.464,"""Affiliated Managers Group, Inc."""
2017-10-14,AMGN,183.01,0.12384701,191.1,133.64,0.023528125,16.669094,14.286494,3.24,5.7933974,4.2155576,133537816576,10472999936,12.7506748202,10.672,"""Amgen Inc."""
2017-10-14,AMP,152.91,0.5827801,153.75,86.25,0.020186132,17.513458,12.2328005,0.9,1.9109674,3.6774008,22927785984,1190000000,19.2670470454,8.391,"""Ameriprise Financial, Inc."""
2017-10-14,AMT,139.97,0.23548615,148.71,99.72,0.017067771,55.988,37.932247,2.02,9.485438,9.266468,60071903232,2870746112,20.925536738,20.615,"""American Tower Corporation"""
2017-10-14,AMZN,1002.94,0.23123193,1083.31,710.1,N/A,255.07121,126.31486,5.02,3.2092957,20.738184,481792327680,17057000448,28.2460171792,37.719,"""Amazon.com, Inc."""
2017-10-14,ANDV,105.37,0.3132844,107.71,75.11,0.020817563,38.122288,14.513774,0.66,0.6216866,1.5524125,16853300224,1446000000,11.6551177206,N/A,"""Andeavor"""
2017-10-14,ANSS,129.94,0.42068815,132.74,82.28,N/A,41.7545,31.160671,3.34,10.653516,5.027665,11013806080,412529984,26.6981953002,20.681,"""Ansys, Inc."""
2017-10-14,ANTM,183.83,0.6041597,198.98,114.85,0.013702961,17.383451,14.119047,1.27,0.5483702,1.8298098,48270999552,4256399872,11.3408046715,7.301,"""Anthem, Inc."""
2017-10-14,AON,149.38,0.3570974,150.12,107.19,0.009045832,21.820042,18.579603,1.68,3.222409,6.961182,38011535360,2062000000,18.4343042483,15.628,"""Aon plc"""
2017-10-14,AOS,61.16,0.24493515,61.8,43.66,0.008462164,31.045685,25.915255,3.64,N/A,6.5390787,10552485888,N/A,N/A,N/A,"""A. O. Smith Corporation"""
2017-10-14,APA,41.6,-0.33047694,69.0,38.14,0.024148757,-3781.818,88.510635,-130.22,2.8137171,2.2969465,15846854656,2652999936,5.97318320327,8.916,"""Apache Corporation"""
2017-10-14,APC,47.79,-0.23644215,73.33,39.96,0.004190237,-12.435597,-74.671875,-2.11,2.639525,2.3015797,26777980928,3888000000,6.88734077366,N/A,"""Anadarko Petroleum Corporation"""
2017-10-14,APD,153.46,0.1592077,154.41,129.0,0.02360767,11.528811,22.305233,5.62,3.3613393,3.5535488,33447682048,1681500032,19.8915738397,10.533,"""Air Products and Chemicals, Inc."""
2017-10-14,APH,87.2,0.3920697,88.0,62.72,0.0070639174,29.360268,26.748465,2.77,4.0891066,6.8683047,26634803200,1158000000,23.0006936097,18.096,"""Amphenol Corporation"""
2017-10-14,ARE,123.66,0.1868279,124.37,101.73,0.026856495,279.14224,61.83,841.0,11.29779,2.2407045,11577816064,442000992,26.1940952024,24.886,"""Alexandria Real Estate Equities, Inc."""
2017-10-14,ARNC,27.16,0.3952576,30.69,16.75,0.0076197386,-19.019608,17.522581,1.02,0.9538463,2.1082046,11978401792,885000000,13.5349172791,11.884,"""Arconic Inc."""
2017-10-14,ATVI,61.08,0.42545378,66.58,35.12,0.0048348107,41.242405,24.238096,1.67,6.645133,4.745552,46110576640,1991000064,23.159505353,N/A,"""Activision Blizzard, Inc."""
2017-10-14,AVB,180.6,0.07019937,199.52,158.32,0.030614499,24.872608,35.000004,10.41,12.176791,2.4187717,24939237376,1152665984,21.6361354652,24.271,"""AvalonBay Communities, Inc."""
2017-10-14,AVGO,247.96,0.47288013,259.36,160.62,0.0041006673,188.84998,14.088636,0.89,6.301096,5.096395,106664951808,5944000000,17.9449784334,15.388,"""Broadcom Limited"""
2017-10-14,AVY,101.94,0.31747484,102.07,68.55,0.016666666,23.946442,19.089888,1.67,1.4396873,8.422706,9010282496,547600000,16.4541316581,12.847,"""Avery Dennison Corporation"""
2017-10-14,AWK,85.02,0.18622804,85.78,69.41,0.018096358,32.09513,25.92073,4.04,4.54908,2.8152316,15157534720,1264000000,11.9917205063,13.145,"""American Water Works Company, Inc."""
2017-10-14,AXP,92.86,0.5293822,92.92,59.78,0.013972273,19.044298,14.600629,1.39,2.7848551,3.8809712,82086387712,9308000256,8.81890690313,N/A,"""American Express Company"""
2017-10-14,AYI,162.53,-0.31678706,261.43,153.28,0.0031431334,22.671223,17.364317,1.3,1.9516954,4.563014,6840887808,316200000,21.6346862998,11.944,"""Acuity Brands, Inc."""
2017-10-14,AZO,599.16,-0.21882248,813.7,491.13,N/A,13.840289,12.659201,1.24,1.531538,N/A,16676419584,N/A,N/A,N/A,"""AutoZone, Inc."""
2017-10-14,BA,260.74,0.9545523,263.79,133.33,0.019166889,22.843876,24.34547,1.4,1.695497,N/A,154118979584,13077999616,11.7845988767,14.039,"""The Boeing Company"""
2017-10-14,BAC,25.83,0.5856699,26.3,15.9,0.01178782,15.384157,11.848623,1.29,3.2628865,1.0381833,272506486784,-10904999936,-24.9891323598,N/A,"""Bank of America Corporation"""
2017-10-14,BAX,62.82,0.3200338,64.75,43.13,0.008795778,38.11893,23.52809,1.96,3.3286781,3.7286325,34228795392,1963000064,17.4369812919,N/A,"""Baxter International Inc."""
2017-10-14,BBT,46.7,0.25166976,49.88,37.4,0.025613662,17.431879,13.41954,2.66,3.568258,1.3846884,37737897984,3299000064,11.439192862,N/A,"""BB&T Corporation"""
2017-10-14,BBY,55.1,0.396757,63.32,37.1,0.011246146,14.580576,12.934271,1.1,0.413212,3.8544943,16485092352,1940000000,8.49747028454,N/A,"""Best Buy Co., Inc."""
2017-10-14,BCR,323.38,0.47142076,324.58,203.63,0.0032268073,42.455036,25.0488,2.33,6.1399117,12.672128,23500511232,707500032,33.2162687902,N/A,"""C. R. Bard, Inc."""
2017-10-14,BDX,201.43,0.15908837,206.63,161.29,0.014333853,58.334778,19.349663,1.95,3.7702265,3.6422977,45838413824,2128999936,21.5304909356,15.589,"""Becton, Dickinson and Company"""
2017-10-14,BEN,44.64,0.32465994,47.65,33.02,0.017410714,14.526522,15.393103,-52.21,3.897821,2.008639,24895772672,1520599936,16.3723357358,6.124,"""Franklin Resources, Inc."""
2017-10-14,BF-B,55.25,0.22649479,59.71,43.72,0.012776368,32.30994,26.562502,3.19,7.0255547,15.489207,21470095360,613000000,35.0246253834,21.143,"""Brown-Forman Corporation"""
2017-10-14,BHF,60.4,N/A,75.0,11.22,N/A,-3.570795,6.80947,0.35,1.7167274,0.4407119,7234289152,2927000064,2.47157123123,-3.912,"""Brighthouse Financial, Inc."""
2017-10-14,BHGE,33.73,-0.33943528,68.59,32.43,N/A,40.638554,22.337748,1.51,1.1402216,0.86072266,14437485568,109000000,132.453996037,N/A,"""Baker Hughes, a GE company"""
2017-10-14,BIIB,337.64,0.14276397,338.94,244.28,N/A,22.15631,14.622781,2.37,6.0927296,6.1619887,71387906048,3912800000,18.2447112165,10.873,"""Biogen Inc."""
2017-10-14,BK,54.67,0.39287543,55.29,39.19,0.013883814,16.212929,13.840506,1.79,3.631404,1.5503502,56482856960,2928999936,19.2840075774,N/A,"""The Bank of New York Mellon Corporation"""
2017-10-14,BLK,475.49,0.35530174,485.23,336.84,0.019933831,22.82279,19.095984,1.43,6.468532,2.609643,77053149184,N/A,N/A,N/A,"""BlackRock, Inc."""
2017-10-14,BLL,42.35,0.062625766,43.06,35.645,0.0069822483,60.070923,17.356556,1.86,1.4049504,4.131707,14898094080,421000000,35.3873968646,N/A,"""Ball Corporation"""
2017-10-14,BMY,65.29,0.32448316,66.1,46.01,0.023718439,23.845875,20.661392,2.13,5.290593,7.2843914,107071029248,5084000256,21.0603902157,17.666,"""Bristol-Myers Squibb Company"""
2017-10-14,BRK-B,187.37,0.2955494,188.2,142.35,N/A,21.1957,22.905867,3.19,1.984713,0.0010251858,462043152384,43897999360,10.5253806351,0.264,"""Berkshire Hathaway Inc."""
2017-10-14,BSX,29.44,0.2896582,29.54,19.67,N/A,52.665474,21.028572,2.18,4.635702,5.576814,40395509760,734000000,55.0347544414,19.751,"""Boston Scientific Corporation"""
2017-10-14,BWA,51.13,0.4906323,52.71,33.09,0.010801258,57.001114,12.846734,1.97,1.1641549,2.987787,10791600128,1072699968,10.0602222895,8.21,"""BorgWarner Inc."""
2017-10-14,BXP,128.29,0.011777759,140.13,113.69,0.02265625,43.488132,43.78498,23.42,8.558673,3.5260003,21955676160,825000960,26.6129098323,N/A,"""Boston Properties, Inc."""
2017-10-14,C,72.11,0.48909473,76.14,47.7,0.008843442,14.436437,12.078728,1.27,3.0550148,0.93215954,196468015104,11354000384,17.3038584164,N/A,"""Citigroup Inc."""
2017-10-14,CA,33.88,0.05571103,36.54,30.01,0.030070756,18.822224,13.286275,22.98,3.5136948,2.4030073,14272628736,1143000064,12.4869885712,11.25,"""CA, Inc."""
2017-10-14,CAG,34.33,-0.064249456,41.68,32.16,0.02601908,23.513699,17.079603,1.53,1.844669,3.5831335,14269436928,985600000,14.477918961,12.304,"""Conagra Brands, Inc."""
2017-10-14,CAH,64.96,-0.11512804,84.88,62.7,0.027272727,16.119106,11.704504,2.11,0.15754008,3.0152245,20476430336,1184000000,17.2942823784,N/A,"""Cardinal Health, Inc."""
2017-10-14,CAT,130.71,0.489174,131.41,80.33,0.023771057,730.2235,19.925306,0.69,1.9366232,5.5140266,77246087168,6725000192,11.4864066859,17.472,"""Caterpillar Inc."""
2017-10-14,CB,148.84,0.16629541,150.28,121.48,0.018965753,13.084835,13.80705,5.79,2.1461217,1.3757278,69272518656,4778999808,14.4951917638,11.43,"""Chubb Limited"""
2017-10-14,CBG,39.59,0.4878788,39.64,25.4,N/A,19.32162,14.717472,1.35,0.9884845,3.7690406,13187111936,469595008,28.0818827103,N/A,"""CBRE Group, Inc."""
2017-10-14,CBOE,110.5,0.7036233,110.67,61.58,0.009089257,60.415527,28.260868,1.76,9.510358,4.4242473,12461858816,286763008,43.4569957364,28.048,"""CBOE Holdings, Inc."""
2017-10-14,CBS,57.0,0.02022028,70.1,54.93,0.012741108,145.03816,11.176471,0.82,1.7353612,8.743672,22910238720,1372000000,16.698424723,10.597,"""CBS Corporation"""
2017-10-14,CCI,102.5,0.12077403,108.88,79.38,0.036226965,81.80367,73.21429,5.71,10.209691,4.944048,41642369024,1798192000,23.1579102921,25.039,"""Crown Castle International Corp."""
2017-10-14,CCL,67.94,0.4500109,69.89,45.92,0.021687107,17.968792,15.546912,1.4,2.8643117,2.1420014,49226063872,5321999872,9.24954247575,10.824,"""Carnival Corporation"""
2017-10-14,CDNS,42.0,0.6115606,42.2,24.15,N/A,48.837208,27.81457,2.63,6.289544,12.363851,11768441856,535892032,21.9604717989,26.226,"""Cadence Design Systems, Inc."""
2017-10-14,CELG,136.46,0.39000404,147.17,96.93,N/A,42.26076,15.315377,0.87,8.757105,12.637526,106759618560,4452299776,23.9785333269,24.457,"""Celgene Corporation"""
2017-10-14,CERN,73.57,0.17951667,73.86,47.01,N/A,37.175343,26.559566,1.75,4.980109,5.600213,24394561536,1154806016,21.1243803704,16.767,"""Cerner Corporation"""
2017-10-14,CF,36.8,0.5858407,37.17,22.18,0.033482146,-23.130108,184.0,-1.69,2.314857,2.6248214,8583489536,1358000000,6.32068448895,13.389,"""CF Industries Holdings, Inc."""
2017-10-14,CFG,36.98,0.51179826,39.75,24.435,0.013993541,15.789923,13.302158,0.94,3.5846684,0.9440175,18514812928,1323000064,13.9945669179,N/A,"""Citizens Financial Group, Inc."""
2017-10-14,CHD,47.96,-0.011598945,54.18,42.56,0.015402347,28.361916,22.729858,2.92,3.3785403,6.4688425,11966450688,608099968,19.6784267681,N/A,"""Church & Dwight Co., Inc."""
2017-10-14,CHK,3.88,-0.39370078,8.2,3.55,0.0,-0.1145266,4.85,1.05,0.37400794,N/A,3459947520,64000000,54.06168,N/A,"""Chesapeake Energy Corporation"""
2017-10-14,CHRW,77.26,0.12392604,81.16,63.41,0.023062969,22.65689,21.581007,3.73,0.7802019,8.128354,10841586688,432157984,25.0870910394,N/A,"""C.H. Robinson Worldwide, Inc."""
2017-10-14,CHTR,357.4,0.3812908,408.83,241.5,N/A,102.37754,47.088272,N/A,2.5871654,2.5163164,105641721856,11815000064,8.9413221569,10.689,"""Charter Communications, Inc."""
2017-10-14,CI,186.15,0.5758598,193.0,115.03,2.1394949E-4,21.47802,16.40088,1.33,1.1564753,3.234073,46868471808,5034999808,9.30853497423,N/A,"""Cigna Corporation"""
2017-10-14,CINF,76.47,0.0047638416,81.98,68.11,0.02581325,21.911175,24.908796,-163.59,2.2300735,1.6998999,12539703296,1049000000,11.9539592908,14.39,"""Cincinnati Financial Corporation"""
2017-10-14,CL,75.99,0.04273033,77.27,63.43,0.02088877,28.238573,24.35577,3.44,4.4105945,N/A,66935181312,3126000128,21.4124051731,N/A,"""Colgate-Palmolive Company"""
2017-10-14,CLX,131.29,0.07041681,141.76,111.24,0.024783907,24.609182,21.700825,3.52,2.8333623,31.252079,16923673600,868000000,19.4973198157,14.958,"""The Clorox Company"""
2017-10-14,CMA,75.55,0.57781935,77.95,47.88,0.012528023,18.868631,14.390477,0.65,4.619422,1.6643903,13290077184,905000000,14.6851681591,N/A,"""Comerica Incorporated"""
2017-10-14,CMCSA,36.01,0.10581362,42.18,30.02,0.016411683,18.141056,16.075891,1.92,2.0212505,3.0856895,169728442368,20259999744,8.37751453666,N/A,"""Comcast Corporation"""
2017-10-14,CME,137.31,0.3275813,138.49,98.95,0.018299324,28.028168,25.858757,3.31,12.934272,2.2382512,46673317888,1785300096,26.1431218161,18.642,"""CME Group Inc."""
2017-10-14,CMG,326.45,-0.20332187,499.0,295.11,N/A,70.174126,29.92209,0.36,2.1596718,6.4346676,9307710464,413159008,22.5281557071,20.633,"""Chipotle Mexican Grill, Inc."""
2017-10-14,CMI,172.62,0.36653423,174.17,121.22,0.023849688,19.511698,15.909677,N/A,1.570384,3.8472853,28827539456,2023000064,14.2498954741,12.097,"""Cummins Inc."""
2017-10-14,CMS,47.54,0.162768,49.11,38.78,0.02692791,24.010101,20.403435,2.96,2.0577767,3.0090513,13385837568,1647000064,8.12740561496,11.177,"""CMS Energy Corporation"""
2017-10-14,CNC,90.56,0.5683911,98.72,50.0,N/A,19.872723,16.647058,1.46,0.35786614,2.4488251,15619426304,3016000000,5.17885487533,N/A,"""Centene Corporation"""
2017-10-14,CNP,29.36,0.32501113,30.45,21.91,0.035329744,20.97143,20.676058,3.24,1.4302515,3.5518994,12654865408,1547000064,8.18026172234,9.574,"""CenterPoint Energy, Inc."""
2017-10-14,COF,85.36,0.17846191,96.92,71.66,0.018914767,12.446778,10.030552,1.59,2.1578228,0.9226712,41287778304,12311000064,3.35373065465,N/A,"""Capital One Financial Corporation"""
2017-10-14,COG,26.0,0.1855905,27.14,20.02,0.0042307694,-68.06283,31.707317,1.38,7.5685287,4.551024,12024817664,770033024,15.615976574,N/A,"""Cabot Oil & Gas Corporation"""
2017-10-14,COH,39.57,0.13016045,48.85,34.07,0.03424658,18.933016,14.764925,1.43,2.4913416,3.7158418,11181888512,853800000,13.0966133896,N/A,"""Coach, Inc."""
2017-10-14,COL,134.71,0.622265,135.31,78.54,0.009782125,26.73348,18.893408,1.9,3.610579,3.9045248,21930655744,916000000,23.9417639127,21.128,"""Rockwell Collins, Inc."""
2017-10-14,COO,236.0,0.33267915,256.39,158.73,2.5245087E-4,35.38231,21.933084,1.63,5.511156,3.922351,11552011264,587937024,19.6483820417,20.101,"""The Cooper Companies, Inc."""
2017-10-14,COP,49.4,0.2054745,53.17,40.37,0.020789182,-15.598358,41.86441,-4.4,2.145362,1.9849722,60117331968,6264000000,9.59727521839,9.522,"""ConocoPhillips"""
2017-10-14,COST,159.85,0.057296634,183.18,142.11,0.011766951,27.751736,24.860033,2.48,0.543376,7.084608,70109093888,N/A,N/A,N/A,"""Costco Wholesale Corporation"""
2017-10-14,COTY,17.06,-0.28345442,23.67,15.83,0.038782813,-25.848482,17.232323,1.38,1.6702757,1.369841,12778109952,757500032,16.8687913032,18.152,"""Coty Inc."""
2017-10-14,CPB,46.18,-0.1432563,64.23,45.0,0.029615132,29.154041,14.567823,4.08,1.7738329,9.478653,13995541504,1291000064,10.8408526802,8.388,"""Campbell Soup Company"""
2017-10-14,CRM,96.94,0.3282987,98.22,66.43,N/A,-850.3509,57.02353,2.52,7.421314,8.243898,69670780928,2421310976,28.7739912876,142.696,"""Salesforce.com, inc."""
2017-10-14,CSCO,33.47,0.10059559,34.6,29.12,0.033072762,17.61579,13.125491,1.34,3.452601,2.5268006,165742116864,13875999744,11.9445171463,N/A,"""Cisco Systems, Inc."""
2017-10-14,CSRA,31.38,0.21205103,33.67,24.475,0.012746973,16.34375,14.8018875,1.6,1.0325776,13.525862,5129845760,419000000,12.2430686396,N/A,"""CSRA Inc."""
2017-10-14,CSX,52.83,0.7278298,55.48,30.01,0.013811124,27.630754,19.351648,1.53,4.1778793,4.164105,48250327040,3015000064,16.0034248809,N/A,"""CSX Corporation"""
2017-10-14,CTAS,151.94,0.39963043,152.48,102.07,0.008778299,34.634148,25.796267,2.17,2.8960693,6.9544125,16415597568,860664960,19.0731566067,16.008,"""Cintas Corporation"""
2017-10-14,CTL,20.25,-0.25648522,33.45,18.17,0.106142506,29.347826,10.828877,-1.06,0.65583867,0.85069734,11129582592,3748999936,2.96868038997,N/A,"""CenturyLink, Inc."""
2017-10-14,CTSH,74.38,0.47884226,74.77,49.35,0.002024565,23.862686,17.138248,1.43,3.1088057,4.1861773,43930533888,1980999936,22.1759390748,14.219,"""Cognizant Technology Solutions Corporation"""
2017-10-14,CTXS,81.47,0.22756457,87.99,65.5598,N/A,27.449461,16.458588,2.07,3.5867872,6.5464044,12343602176,947262016,13.030821428,N/A,"""Citrix Systems, Inc."""
2017-10-14,CVS,72.6,-0.14862686,88.84,69.3,0.025074547,14.462152,11.433071,1.49,0.40823215,2.1583374,73802252288,11514999808,6.40922740066,8.361,"""CVS Health Corporation"""
2017-10-14,CVX,119.16,0.17541432,120.0,99.87,0.03617593,38.638134,24.468174,0.55,1.933538,1.5444837,225808220160,18089000960,12.4831780738,N/A,"""Chevron Corporation"""
2017-10-14,CXO,133.39,-0.01409477,147.55,106.73,N/A,30.956139,75.36158,4.22,9.385124,2.2546186,19680493568,1513447936,13.0037466766,12.502,"""Concho Resources Inc."""
2017-10-14,D,78.62,0.07963741,81.65,69.51,0.037008777,22.755428,19.364532,6.26,4.06928,3.307948,50520113152,4461000192,11.3248399412,N/A,"""Dominion Energy, Inc."""
2017-10-14,DAL,53.96,0.34968245,55.75,39.05,0.015251365,10.695738,8.933775,N/A,0.97590065,2.9143937,38918918144,4563999744,8.52737079908,5.499,"""Delta Air Lines, Inc."""
2017-10-14,DD,83.93,0.22240019,85.98,32.5,0.01811033,32.785156,20.224096,N/A,2.8794212,5.9932876,72834957312,705000000,103.311996187,N/A,"""E. I. du Pont de Nemours and Company"""
2017-10-14,DE,127.91,0.48606455,132.5,85.27,0.018677043,21.24398,17.716068,0.83,1.4850116,4.786872,41097101312,3169899776,12.9647951721,16.845,"""Deere & Company"""
2017-10-14,DFS,63.88,0.17147052,74.33,54.45,0.01880583,11.021394,9.693475,1.24,3.318338,2.2399888,23785846784,4640999936,5.12515559406,N/A,"""Discover Financial Services"""
2017-10-14,DG,82.57,0.19988322,83.18,65.97,0.012290095,18.668325,16.547094,2.34,0.9910306,4.095328,22562996224,1597937024,14.1200785044,10.264,"""Dollar General Corporation"""
2017-10-14,DGX,91.06,0.102119446,112.97,79.12,0.019121503,18.35147,15.278523,2.16,1.6369439,2.6365926,12421130240,1095000064,11.3434972731,N/A,"""Quest Diagnostics Incorporated"""
2017-10-14,DHI,41.34,0.43333328,41.57,26.69,0.009205426,15.488948,13.165605,1.1,1.1316278,2.0804186,15472859136,338600000,45.6965715771,9.908,"""D.R. Horton, Inc."""
2017-10-14,DHR,86.84,0.14724493,88.62,75.71,0.006089854,27.717842,20.242424,2.46,3.4606578,2.4533153,60326875136,3037899776,19.8580860411,N/A,"""Danaher Corporation"""
2017-10-14,DIS,97.38,0.06715846,116.1,90.56,0.016094089,17.272081,14.935582,2.25,2.7081816,3.663381,150304079872,12428999680,12.0930150247,10.107,"""The Walt Disney Company"""
2017-10-14,DISCA,19.24,-0.23764336,30.25,19.01,N/A,10.206897,7.696,0.76,1.6377983,1.9845282,10786539520,1426000000,7.56419321178,N/A,"""Discovery Communications, Inc."""
2017-10-14,DISCK,18.25,-0.25864172,29.18,17.97,N/A,9.681698,7.2420635,0.59,1.6325049,1.8824136,10751677440,1426000000,7.53974575035,N/A,"""Discovery Communications, Inc."""
2017-10-14,DISH,48.38,-0.13512081,66.5,47.48,N/A,22.502325,20.32773,-5.06,1.5312881,4.3054194,22550499328,2703597824,8.34092228061,N/A,"""DISH Network Corporation"""
2017-10-14,DLPH,97.48,0.47696483,104.09,60.5,0.011824668,20.63069,13.31694,1.19,1.5288559,8.98516,26011953152,1987000064,13.0910680997,N/A,"""Delphi Automotive PLC"""
2017-10-14,DLR,121.78,0.29292178,127.23,85.63,0.029490834,49.463852,63.427086,2.36,11.499057,4.7477584,26013669376,1034941056,25.1354115533,N/A,"""Digital Realty Trust, Inc."""
2017-10-14,DLTR,91.5,0.19531655,92.15,65.63,N/A,23.407522,17.801558,1.57,1.0219717,3.697418,21671317504,1668199936,12.990839429,10.641,"""Dollar Tree, Inc."""
2017-10-14,DOV,94.48,0.39115644,95.14,65.5,0.018709471,23.62,20.902657,1.53,2.0176697,3.613002,14713748480,754642048,19.4976525877,14.342,"""Dover Corporation"""
2017-10-14,DPS,89.25,0.015854955,99.47,81.05,0.024927016,21.402878,17.957747,2.22,2.4705186,7.546293,16218955776,921000000,17.6101582801,13.003,"""Dr Pepper Snapple Group, Inc."""
2017-10-14,DRE,29.03,0.1250968,30.14,22.97,0.02616179,7.1537704,82.94286,1.31,11.296789,2.2378972,10422756352,483381024,21.5621959376,26.419,"""Duke Realty Corporation"""
2017-10-14,DRI,79.42,0.2659421,95.22,60.97,0.028279258,20.883512,16.175154,1.53,1.3467953,4.739229,9955376128,908600000,10.9568304292,N/A,"""Darden Restaurants, Inc."""
2017-10-14,DTE,109.89,0.1978569,113.71,89.66,0.029321406,18.920454,19.278948,4.45,1.6575805,2.169167,19713605632,1991000064,9.90135861291,N/A,"""DTE Energy Company"""
2017-10-14,DUK,86.79,0.121614695,88.4,72.34,0.039323904,25.70794,17.968945,7.14,2.6331177,1.4714909,60748660736,6328999936,9.59846126565,N/A,"""Duke Energy Corporation"""
2017-10-14,DVA,54.73,-0.12624472,70.16,53.58,N/A,8.336634,14.2526045,1.21,0.6969662,2.058138,10464375808,2029249024,5.15677262092,7.827,"""DaVita Inc."""
2017-10-14,DVN,35.87,-0.14747423,50.69,28.79,0.0067396797,8.115384,17.080954,-3.94,1.5613536,2.7348275,18850222080,2880000000,6.545216,N/A,"""Devon Energy Corporation"""
2017-10-14,DWDP,71.43,0.34716988,71.88,51.6,N/A,N/A,16.611628,2.91,3.1742034,N/A,166858342400,4926000128,33.8729878328,N/A,"""DowDuPont Inc."""
2017-10-14,DXC,91.04,0.69359326,93.4,51.68,4.385965E-4,287.19244,11.021791,0.3,2.2362535,2.1587272,25918177280,1462000000,17.7278914364,24.126,"""DXC Technology Company"""
2017-10-14,EA,118.62,0.42298353,122.79,73.74,N/A,31.759037,23.442688,1.87,7.2907257,8.1705475,36621316096,1676999936,21.8373986247,21.006,"""Electronic Arts Inc."""
2017-10-14,EBAY,38.35,0.19742227,39.28,27.28,N/A,5.753075,17.274775,2.97,4.4825563,3.5831075,41046769664,2703000064,15.1856339963,15.065,"""eBay Inc."""
2017-10-14,ECL,134.09,0.15102291,134.89,110.65,0.010902845,30.656149,24.92379,2.26,2.9038801,5.6076446,38803095552,1924599936,20.1616423373,N/A,"""Ecolab Inc."""
2017-10-14,ED,83.08,0.14424658,86.16,68.76,0.03256315,20.101622,19.502346,5.14,2.1474996,1.7544823,25739929600,3401999872,7.5661171571,10.7,"""Consolidated Edison, Inc."""
2017-10-14,EFX,109.5,-0.15996295,147.02,89.59,0.013234079,23.194237,16.222221,1.9,4.001106,4.3641148,13180843008,826400000,15.9497132236,12.35,"""Equifax Inc."""
2017-10-14,EIX,77.99,0.118506074,82.82,67.44,0.026462466,18.441711,18.179487,4.9,2.103651,2.0920625,25409998848,3256999936,7.80165776706,9.457,"""Edison International"""
2017-10-14,EL,111.0,0.25074244,111.75,75.3,0.012055896,33.13433,25.170069,2.52,3.459691,9.3199,40907386880,1800000000,22.7263260444,17.656,"""The Est√©e Lauder Companies Inc."""
2017-10-14,EMN,88.65,0.39171517,91.39,63.35,0.022521503,14.227251,10.877301,1.37,1.3964907,2.668091,12843524096,1323000064,9.70787866568,8.922,"""Eastman Chemical Company"""
2017-10-14,EMR,63.97,0.28637552,64.4,49.38,0.029959325,28.545294,22.134947,3.14,2.7736657,5.1389785,40942080000,2015000064,20.3186494787,13.387,"""Emerson Electric Co."""
2017-10-14,EOG,96.62,0.030603528,109.37,81.99,0.0069322297,-195.19193,67.09722,0.64,5.844516,4.0129585,55793029120,3540751104,15.757399343,N/A,"""EOG Resources, Inc."""
2017-10-14,EQIX,462.82,0.28672302,475.28,314.55,0.016139444,169.96695,66.306595,9.76,9.289738,5.5297747,36074553344,1187326080,30.3830211023,N/A,"""Equinix, Inc."""
2017-10-14,EQR,67.49,0.09602225,68.83,58.28,0.02997174,30.196869,48.20714,16.83,10.593443,2.4176965,25722394624,1186446080,21.6802053272,N/A,"""Equity Residential"""
2017-10-14,EQT,63.01,-0.03686279,75.74,49.63,0.0018900613,2250.357,40.391026,4.55,4.438865,1.8015726,10921334784,1379910016,7.91452678607,N/A,"""EQT Corporation"""
2017-10-14,ES,61.65,0.14734876,64.19,50.56,0.029836226,19.951458,18.513514,3.38,2.5423443,1.7946553,19536023552,2104583936,9.2826060381,11.57,"""Eversource Energy"""
2017-10-14,ESRX,57.14,-0.16685933,77.5,56.82,N/A,9.916696,7.4498043,0.68,0.32910383,2.0960345,33001148416,5810899968,5.67918026429,N/A,"""Express Scripts Holding Company"""
2017-10-14,ESS,261.82,0.2597096,270.04,200.01,0.025660666,33.66594,57.041393,5.61,13.013272,2.7351267,17866807296,734576000,24.3226123587,N/A,"""Essex Property Trust, Inc."""
2017-10-14,ETFC,43.86,0.56345546,45.7,27.34,N/A,20.495327,17.685484,1.27,5.2099996,1.9207358,12061149184,1456999936,8.27807118311,N/A,"""E*TRADE Financial Corporation"""
2017-10-14,ETN,78.53,0.24714828,81.63,59.07,0.029725607,18.00321,15.398039,1.57,1.7611246,2.2460244,34930143232,2456000000,14.2223710228,13.038,"""Eaton Corporation plc"""
2017-10-14,ETR,82.29,0.09592712,82.83,66.71,0.042298287,-16.604116,16.657894,-1.16,1.3453898,1.7647815,14772701184,2566301952,5.75641583115,8.258,"""Entergy Corporation"""
2017-10-14,EVHC,40.74,-0.34505177,74.75,39.66,N/A,-7.40862,10.527133,N/A,0.8046528,0.75074637,4858815488,603500032,8.05106086225,11.317,"""Envision Healthcare Corporation"""
2017-10-14,EW,108.25,-0.04630035,121.45,81.12,N/A,32.83288,25.897131,1.78,7.0714808,7.773788,22857852928,733000000,31.1839739809,N/A,"""Edwards Lifesciences Corporation"""
2017-10-14,EXC,39.24,0.18900764,39.43,29.82,0.03310221,20.750925,13.672475,9.72,1.1328439,1.3676764,37673852928,6790000128,5.54843184356,7.527,"""Exelon Corporation"""
2017-10-14,EXPD,60.17,0.18393731,60.81,47.23,0.013567174,26.047619,23.41245,3.96,1.693448,5.470497,10875004928,464855008,23.3944019981,13.401,"""Expeditors International of Washington, Inc."""
2017-10-14,EXPE,150.11,0.21514201,161.0,111.88,0.007298284,70.64,22.53904,1.41,2.4090781,5.3901396,22762229760,2203876864,10.3282674871,N/A,"""Expedia, Inc."""
2017-10-14,EXR,82.71,0.06973386,83.23,68.09,0.03823061,28.267258,28.132652,4.93,10.157883,4.689839,10882485248,588642048,18.4874411962,N/A,"""Extra Space Storage Inc."""
2017-10-14,F,12.05,0.02020204,13.27,10.47,0.049504954,12.684211,7.8246756,-2.5,0.31159478,1.4843558,47859712000,17852000256,2.68091593736,N/A,"""Ford Motor Company"""
2017-10-14,FAST,46.58,0.200418,52.74,37.88,0.026991729,25.635664,22.07583,2.32,3.1562862,6.736081,13414014976,582999040,23.0086399044,N/A,"""Fastenal Company"""
2017-10-14,FB,173.74,0.35290885,175.49,113.55,N/A,38.88541,26.85317,1.15,15.210434,7.578957,504575721472,19384000512,26.0305255956,25.427,"""Facebook, Inc."""
2017-10-14,FBHS,66.24,0.19133246,67.77,52.05,0.010264151,23.581345,19.089336,2.19,1.9875485,3.9738433,10201689088,656700032,15.5347778147,13.975,"""Fortune Brands Home & Security, Inc."""
2017-10-14,FCX,14.75,0.52415967,17.06,9.5,0.0034458993,20.80395,10.766423,0.22,1.3947355,3.1981788,21347821568,3944000000,5.41273366329,6.723,"""Freeport-McMoRan Inc."""
2017-10-14,FDX,222.22,0.31737304,227.0,168.0,0.0075535416,20.074074,14.336774,1.52,0.9776032,3.708859,59587850240,4549000192,13.0991091943,N/A,"""FedEx Corporation"""
2017-10-14,FE,32.49,0.006825924,34.83,27.93,0.044375964,-2.8090959,12.841898,-2.81,1.0494684,2.2841678,14435437568,3380999936,4.26957640972,9.193,"""FirstEnergy Corp."""
2017-10-14,FFIV,116.7,-0.0060996413,149.5,114.63,N/A,19.382162,13.156708,1.46,3.5698066,6.156037,7415887872,731286016,10.1408856586,N/A,"""F5 Networks, Inc."""
2017-10-14,FIS,94.96,0.24798846,95.14,73.25,0.0116266785,47.598995,19.498974,1.81,3.375675,3.1874328,31565936640,1632999936,19.3300293185,15.949,"""Fidelity National Information Services, Inc."""
2017-10-14,FISV,127.08,0.27361047,129.81,92.81,N/A,31.108934,21.986158,2.04,4.783763,11.203385,26746019840,1435000064,18.6383405207,18.058,"""Fiserv, Inc."""
2017-10-14,FITB,28.06,0.43769145,28.97,19.57,0.019538188,14.221996,13.754902,1.96,3.6412435,1.374143,20725958656,2060000000,10.0611449786,N/A,"""Fifth Third Bancorp"""
2017-10-14,FL,31.65,-0.53704524,79.43,31.38,0.037225578,7.314536,7.8927674,-72.0,0.5096139,1.4436234,3924536576,682000000,5.75445245748,3.063,"""Foot Locker, Inc."""
2017-10-14,FLIR,42.78,0.47273982,43.41,28.26,0.012652297,27.582205,20.970589,1.45,3.410559,3.2948244,5869244928,283717984,20.6868977611,15.018,"""FLIR Systems, Inc."""
2017-10-14,FLR,42.61,-0.14368969,58.37,37.04,0.019713681,53.196007,16.976095,2.73,0.3087289,1.8756052,5961096704,1043301056,5.71368798078,9.442,"""Fluor Corporation"""
2017-10-14,FLS,44.38,0.022268653,52.1,37.51,0.01724529,55.475002,22.19,2.35,1.5418295,3.3934853,5797670400,276380000,20.9771705623,17.545,"""Flowserve Corporation"""
2017-10-14,FMC,93.72,1.0023701,94.42,45.91,0.00710212,278.1009,18.37647,2.79,3.7937157,6.248,12570476544,533400032,23.566696269,19.391,"""FMC Corporation"""
2017-10-14,FOX,25.83,0.028237104,31.94,24.77,0.0141231865,16.286255,11.48,1.3,1.7008284,3.0409698,48473612288,3756999936,12.9022127,8.651,"""Twenty-First Century Fox, Inc."""
2017-10-14,FOXA,26.52,0.059157133,32.6,24.64,0.013771998,16.721312,11.48052,1.54,1.7072086,3.1222038,48655446016,3756999936,12.9506113508,8.804,"""Twenty-First Century Fox, Inc."""
2017-10-14,FRT,129.68,-0.12756288,149.01,120.5,0.030503465,37.555744,38.710445,7.76,11.588548,4.726464,9509550080,457476000,20.7869922794,22.86,"""Federal Realty Investment Trust"""
2017-10-14,FTI,26.66,-0.15330786,37.09,25.17,0.0792637,32.237,16.873417,N/A,1.0430908,0.91896176,12456138752,377170016,33.0252624111,N/A,"""TechnipFMC plc"""
2017-10-14,FTV,72.35,0.48573172,73.21,46.81,0.0038414048,28.49547,23.799341,3.04,3.9494898,7.9209547,25112829952,1043099968,24.075190032,17.846,"""Fortive Corporation"""
2017-10-14,GD,213.34,0.42025518,214.81,148.76,0.014972862,21.076862,20.2218,2.58,2.0464213,5.8398113,63887224832,2297999872,27.8012308053,13.022,"""General Dynamics Corporation"""
2017-10-14,GE,22.98,-0.20103991,32.38,22.83,0.041214753,27.990255,13.438596,1.62,1.6740966,2.683639,198959677440,5085000192,39.1267787468,18.393,"""General Electric Company"""
2017-10-14,GGP,21.66,-0.18091607,27.1,20.31,0.04007456,18.17114,35.508194,6.72,7.6380687,2.3315394,19204190208,1085187072,17.6966632791,N/A,"""GGP Inc."""
2017-10-14,GILD,81.17,0.11921811,86.27,63.76,0.024354244,8.816118,10.708443,-1.13,3.7238226,4.674614,106002333696,14005000192,7.56889198449,N/A,"""Gilead Sciences, Inc."""
2017-10-14,GIS,51.53,-0.16998541,64.06,50.13,0.0374488,18.602888,15.904321,2.78,1.8917556,6.868835,29286455296,2532999936,11.5619644832,N/A,"""General Mills, Inc."""
2017-10-14,GLW,29.74,0.27784896,32.17,22.23,0.019372076,13.282715,16.075676,-3.13,2.7255902,1.707331,26860691456,2536999936,10.5875806597,9.665,"""Corning Incorporated"""
2017-10-14,GM,45.88,0.42237008,46.11,30.21,0.03386055,7.9763565,7.723906,0.88,0.39125118,1.5118463,66603081728,18084999168,3.68278046956,5.928,"""General Motors Company"""
2017-10-14,GOOG,989.68,0.2665137,997.21,727.54,N/A,35.867065,24.70494,1.62,6.954507,4.6243486,690408652800,36209000448,19.0673215018,17.134,"""Alphabet Inc."""
2017-10-14,GOOGL,1007.87,0.24640572,1014.76,743.59,N/A,36.52629,25.203049,1.65,6.9741764,4.709343,692361363456,36209000448,19.1212503767,17.451,"""Alphabet Inc."""
2017-10-14,GPC,95.86,-0.020137012,100.9,79.86,0.027800959,20.75341,18.68616,4.14,0.8949361,4.280611,14075220992,760870016,18.4988509154,N/A,"""Genuine Parts Company"""
2017-10-14,GPN,99.64,0.35680032,100.34,64.63,5.451242E-4,77.30023,21.520517,1.29,3.6266937,5.3317637,15194003456,880722432,17.2517502722,15.673,"""Global Payments Inc."""
2017-10-14,GPS,27.25,0.04013753,30.74,21.02,0.0338111,12.982372,12.9761915,1.9,0.6909565,3.6270463,10686332928,1471000064,7.26467196673,N/A,"""The Gap, Inc."""
2017-10-14,GRMN,55.17,0.14243937,55.74,46.8,0.037294332,15.501545,19.426056,4.52,3.4081793,2.9718812,10355574784,690137024,15.0050996018,N/A,"""Garmin Ltd."""
2017-10-14,GS,238.53,0.41893494,255.15,168.45,0.011259383,12.506161,11.944417,1.18,2.8712425,1.2269493,92600442880,-15825000448,-5.85152861033,N/A,"""The Goldman Sachs Group, Inc."""
2017-10-14,GT,33.01,0.052106738,37.2,26.82,0.011311526,7.1917205,7.7488256,1.65,0.5550477,1.6929941,8310729216,1386000000,5.99619712554,5.676,"""The Goodyear Tire & Rubber Company"""
2017-10-14,GWW,181.05,-0.17256969,262.71,155.0,0.027823148,20.870317,16.54936,6.01,1.0216664,6.0608597,10444901376,1032061056,10.1204297123,N/A,"""W.W. Grainger, Inc."""
2017-10-14,HAL,44.72,-0.03367877,58.78,38.18,0.016085792,-261.52048,20.327272,1.96,2.280733,4.363353,38977728512,2451000064,15.9027855954,N/A,"""Halliburton Company"""
2017-10-14,HAS,96.62,0.18064046,116.2,77.2,0.02236025,20.92701,18.230188,2.02,2.3549576,6.594772,12085326848,835043008,14.4726998876,12.428,"""Hasbro, Inc."""
2017-10-14,HBAN,13.7,0.42753625,14.74,9.65,0.022480058,18.975069,12.568807,1.75,3.8753319,1.5582348,14933273600,1487408000,10.0397964782,N/A,"""Huntington Bancshares Incorporated"""
2017-10-14,HBI,23.73,-0.01986754,27.07,18.91,0.021959458,15.550458,11.037209,1.1,1.3592155,8.019601,8649086976,768934976,11.2481383289,12.163,"""Hanesbrands Inc."""
2017-10-14,HCA,74.58,-0.076750815,91.03,67.0,N/A,9.997319,9.500637,1.0,0.6374245,N/A,26942023680,5589000192,4.8205444184,7.213,"""HCA Healthcare, Inc."""
2017-10-14,HCN,68.2,-0.019039392,78.17,59.39,0.051021907,21.239489,35.520832,10.2,6.0071445,1.7829598,25157548032,1617147008,15.5567477215,N/A,"""Welltower Inc."""
2017-10-14,HCP,26.37,-0.20098728,34.01639,26.26,0.06375331,17.97546,37.140846,7.89,6.169394,2.1684072,12472035328,978808000,12.7420651731,N/A,"""HCP, Inc."""
2017-10-14,HD,164.47,0.31524694,166.63,119.2,0.020414364,23.67156,19.791817,1.79,1.9914595,54.659355,193880522752,10768000000,18.0052491412,N/A,"""The Home Depot, Inc."""
2017-10-14,HES,44.99,-0.13026363,65.56,37.25,0.022624435,-2.3331432,-12.781251,-1.85,2.8928761,1.0265596,14299487232,1172000000,12.2009276724,N/A,"""Hess Corporation"""
2017-10-14,HIG,55.99,0.29485404,57.16,42.3,0.016111707,30.729967,12.119048,1.4,1.0993402,1.175051,20397158400,2144000000,9.5136,16.267,"""The Hartford Financial Services Group, Inc."""
2017-10-14,HLT,71.16,0.5076138,71.38,44.73364,0.01023018,593.00006,31.486727,1.29,3.1326103,15.276944,23143725056,1052000000,21.9997386464,N/A,"""Hilton Worldwide Holdings Inc."""
2017-10-14,HOG,46.62,-0.06519121,63.4,45.53,0.030779164,13.651537,12.398936,1.71,1.3956604,3.9737468,7888990208,1345116928,5.86491036116,12.758,"""Harley-Davidson, Inc."""
2017-10-14,HOLX,36.28,-0.052112997,46.8,35.15,N/A,13.512104,16.56621,2.03,3.4114118,3.5478191,10175559680,59200000,171.884454054,13.117,"""Hologic, Inc."""
2017-10-14,HON,143.37,0.32534254,145.3,107.41,0.018087855,22.231354,18.475513,2.56,N/A,5.3386707,109042778112,N/A,N/A,N/A,"""Honeywell International Inc."""
2017-10-14,HP,52.2,-0.23596352,85.78,42.16,0.054869685,-31.370192,-102.35294,-3.2,3.533334,1.3336741,5667980288,374321024,15.1420303018,N/A,"""Helmerich & Payne, Inc."""
2017-10-14,HPE,14.89,0.19719076,15.12,12.263469,0.016216215,11.288856,11.280303,-1.2,0.4993841,0.8448227,24113760256,2275000064,10.5994547594,4.719,"""Hewlett Packard Enterprise Company"""
2017-10-14,HPQ,21.71,0.45402706,22.0,13.77,0.025490196,15.777616,12.335227,1.99,0.7160429,N/A,36261126144,3679000064,9.856245043,7.904,"""HP Inc."""
2017-10-14,HRB,25.2,0.11375427,31.8,19.85,0.025631068,13.29114,12.292684,1.31,1.7279211,N/A,5268312064,598942016,8.79603020537,7.198,"""H&R Block, Inc."""
2017-10-14,HRL,31.85,-0.16447717,38.84,30.5,0.020597484,19.660494,19.30303,12.58,1.807115,3.5392823,16811322368,882635008,19.0467432355,11.761,"""Hormel Foods Corporation"""
2017-10-14,HRS,136.56,0.52511716,137.16,88.89,0.015517494,30.78449,19.87773,0.8,2.7568917,5.610748,16265661440,569000000,28.5863997188,13.768,"""Harris Corporation"""
2017-10-14,HSIC,80.93,0.0509758,93.495,73.115,N/A,11.826684,10.091022,2.24,1.0691413,2.190257,12796004352,592161024,21.6089945697,13.645,"""Henry Schein, Inc."""
2017-10-14,HST,19.51,0.2524209,20.21,14.69,0.041237116,24.14604,29.119402,0.88,N/A,2.0297544,14603820032,N/A,N/A,N/A,"""Host Hotels & Resorts, Inc."""
2017-10-14,HSY,110.07,0.13675833,116.49,94.03,0.022478856,35.166134,21.005726,2.81,3.1110828,27.333002,23384041472,950499008,24.6018578401,N/A,"""The Hershey Company"""
2017-10-14,HUM,237.73,0.42115486,259.76,165.03,0.005715706,19.556597,19.359121,1.57,0.6377817,3.1366935,34356023296,5829000192,5.89398218637,N/A,"""Humana Inc."""
2017-10-14,IBM,147.1,-0.050009727,182.79,139.13,0.0387676,12.208483,10.605624,4.55,1.7477069,7.442826,137088376832,15390999552,8.9070483284,9.808,"""International Business Machines Corporation"""
2017-10-14,ICE,69.39,0.31464148,71.24,52.266,0.010585037,25.709522,20.651787,1.99,8.959088,2.5707617,40835526656,2144000000,19.0464210149,N/A,"""Intercontinental Exchange, Inc."""
2017-10-14,IDXX,159.6,0.4537611,173.01,102.45,N/A,54.901962,45.084747,2.69,7.4797187,N/A,13929218048,338164000,41.190718255,N/A,"""IDEXX Laboratories, Inc."""
2017-10-14,IFF,148.18,0.14322221,148.71,113.16,0.017345348,29.89911,23.670925,3.5,3.6448634,6.9892926,11702618112,421031008,27.7951454635,19.058,"""International Flavors & Fragrances Inc."""
2017-10-14,ILMN,206.92,0.4744743,214.34,119.37,N/A,41.516853,46.920635,3.86,12.145473,11.127124,30210320384,692237952,43.6415257163,42.539,"""Illumina, Inc."""
2017-10-14,INCY,114.31,0.30023074,153.15,83.01,N/A,-144.33081,259.79544,-1.24,18.430561,22.889467,24079400960,132804992,181.313974704,N/A,"""Incyte Corporation"""
2017-10-14,INFO,43.9,0.20284307,48.53,34.13,N/A,81.14603,18.445377,1.67,4.9244437,2.3061569,17377376256,881800000,19.7067092946,N/A,"""IHS Markit Ltd."""
2017-10-14,INTC,39.67,0.050951958,39.95,33.23,0.0268691,15.141221,12.796774,1.49,3.0206823,2.716379,186409320448,22513000448,8.28007447868,N/A,"""Intel Corporation"""
2017-10-14,INTU,145.65,0.36470807,146.99,103.22,0.0093240095,39.153225,26.149012,2.31,7.173424,27.648062,37136814080,1599000064,23.2250235107,22.111,"""Intuit Inc."""
2017-10-14,IP,57.45,0.21249998,58.95,43.55,0.031923816,29.177248,13.360465,1.61,1.0817131,5.2189317,23721967616,2531000064,9.37256697596,N/A,"""International Paper Company"""
2017-10-14,IPG,20.82,-0.09796095,25.71,19.57,0.032432433,14.9892,13.0125,1.33,1.0463051,4.130133,8187860480,914099968,8.95729216348,9.212,"""The Interpublic Group of Companies, Inc."""
2017-10-14,IR,91.32,0.4000306,94.39,63.87,0.016633837,22.6713,17.732038,1.82,1.6743011,3.450856,23164960768,1477600000,15.6774233676,12.794,"""Ingersoll-Rand Plc"""
2017-10-14,IRM,39.86,0.16676438,40.64,30.75,0.053654857,54.677643,28.47143,1.05,2.8218727,5.6788716,10626317312,656822016,16.1783817429,N/A,"""Iron Mountain Incorporated"""
2017-10-14,ISRG,362.29,0.5330261,367.5,203.57,N/A,17.352716,13.01329,4.03,4.706135,2.9721484,13507548160,1012400000,13.342106045,N/A,"""Intuitive Surgical, Inc."""
2017-10-14,IT,124.24,0.41298878,130.02,84.54,N/A,255.11295,29.722488,2.01,4.0987206,13.18756,11255808000,286566976,39.2781057926,37.794,"""Gartner, Inc."""
2017-10-14,ITW,152.82,0.32015157,154.38,111.5,0.016967956,24.728157,21.554302,2.83,3.7663171,11.023588,52592852992,2215000064,23.7439510033,N/A,"""Illinois Tool Works Inc."""
2017-10-14,IVZ,36.15,0.22725737,36.84,27.46,0.03141361,16.116808,13.003598,0.98,3.0370092,1.8449526,14709146624,697299968,21.094431807,13.226,"""Invesco Ltd."""
2017-10-14,JBHT,104.01,0.3811345,111.98,76.2,0.008306414,27.28489,23.531673,2.32,1.6818382,8.085983,11382334464,823452032,13.822704932,N/A,"""J.B. Hunt Transport Services, Inc."""
2017-10-14,JCI,41.69,-0.053726614,46.17,36.74,0.028026093,-84.05242,14.037037,1.25,0.8613848,1.9700406,38871711744,-122000000,-318.620588066,11.76,"""Johnson Controls International plc"""
2017-10-14,JEC,58.55,0.16388226,63.42,49.16,0.0051264525,31.143618,17.069971,N/A,0.7037751,1.666382,7044443136,615012032,11.4541549912,10.155,"""Jacobs Engineering Group Inc."""
2017-10-14,JNJ,136.43,0.15478098,137.52,109.32,0.023679018,23.084602,17.649416,3.01,5.0485735,5.093522,366178107392,20699000832,17.6906175503,14.751,"""Johnson & Johnson"""
2017-10-14,JNPR,25.82,0.13553274,30.96,22.41,0.015704751,15.451825,10.987234,0.88,1.88809,1.9316226,9819578368,1417600000,6.9269034763,7.938,"""Juniper Networks, Inc."""
2017-10-14,JPM,95.86,0.42906058,97.64,66.74,0.020418795,14.140729,12.646439,1.49,3.6128633,1.4512149,337282465792,N/A,N/A,N/A,"""JPMorgan Chase & Co."""
2017-10-14,JWN,42.65,-0.20048809,62.82,39.53,0.03474994,20.203695,13.983607,2.31,0.47251824,9.030277,7090136064,1366000000,5.19043635725,5.692,"""Nordstrom, Inc."""
2017-10-14,K,61.96,-0.1680224,78.37,61.03,0.033338673,28.04889,14.613208,2.52,1.6717138,11.68836,21384564736,1634000000,13.0872489204,13.168,"""Kellogg Company"""
2017-10-14,KEY,18.19,0.476923,19.53,12.33,0.019188596,18.063557,11.735484,1.63,3.476109,1.3970814,19782535168,376000000,52.6131254468,N/A,"""KeyCorp"""
2017-10-14,KHC,77.74,-0.12022966,97.77,76.76,0.030710174,24.916666,19.78117,N/A,3.619597,1.6234729,94706753536,4024999936,23.5296285818,N/A,"""The Kraft Heinz Company"""
2017-10-14,KIM,19.46,-0.3097028,28.38,17.02,0.05523859,39.6334,33.551723,4.98,7.0522575,1.5834011,8282876416,676283008,12.2476482745,N/A,"""Kimco Realty Corporation"""
2017-10-14,KLAC,105.3,0.4560356,109.59,71.11,0.020415952,17.908163,14.625001,1.35,4.747468,12.451224,16521253888,1079665024,15.3022034805,11.761,"""KLA-Tencor Corporation"""
2017-10-14,KMB,118.56,-0.025934279,136.21,111.3,0.032153793,19.796293,17.936459,3.44,2.3046825,410.2422,41887604736,3080000000,13.5998716675,N/A,"""Kimberly-Clark Corporation"""
2017-10-14,KMI,18.76,-0.06488365,23.01,18.23,0.026483051,61.914192,26.422537,2.95,3.100836,1.1902798,41895395328,4608000000,9.09188266667,N/A,"""Kinder Morgan, Inc."""
2017-10-14,KMX,75.44,0.48111904,77.64,47.5,N/A,21.665709,18.954775,1.51,0.7846797,4.40063,13722838016,-354032000,-38.76157527,19.587,"""CarMax Inc."""
2017-10-14,KO,46.18,0.10841346,46.98,39.88,0.03122967,48.76452,23.20603,4.82,5.0684876,8.958293,196971560960,8367000064,23.541479557,N/A,"""The Coca-Cola Company"""
2017-10-14,KORS,47.77,0.0236305,52.67,32.38,N/A,14.653375,12.571053,-5.94,1.6243321,4.578302,7241597440,899000000,8.05516956618,6.434,"""Michael Kors Holdings Limited"""
2017-10-14,KR,21.3,-0.31884527,36.44,19.69,0.022857143,12.8236,10.492611,-4.33,0.16049825,3.123167,18946818048,4565000192,4.150452848,5.599,"""The Kroger Co."""
2017-10-14,KSS,42.14,-0.020823717,59.67,35.16,0.049621925,10.7857685,11.327957,1.88,0.38360393,1.4079989,7103961088,1678000000,4.23358825268,5.095,"""Kohl's Corporation"""
2017-10-14,KSU,104.17,0.11350441,109.13,79.05,0.0125165945,20.963978,17.77645,1.56,4.4480157,2.6221461,10981705728,912099968,12.0400242444,N/A,"""Kansas City Southern"""
2017-10-14,L,48.85,0.19141674,49.58,40.73,0.0051166597,14.435578,15.607028,2.7,1.2378017,0.8738819,16442957824,2712999936,6.06080287943,6.39,"""Loews Corporation"""
2017-10-14,LB,41.84,-0.4265744,75.5,35.0,0.05792904,12.280599,12.717325,2.31,0.96853024,N/A,11876117504,1603000064,7.40868186516,6.943,"""L Brands, Inc."""
2017-10-14,LEG,47.67,0.049068928,54.97,43.17,0.028816037,18.916666,16.785212,-4.11,1.6585202,5.5656743,6306025472,446600000,14.1200749485,N/A,"""Leggett & Platt, Incorporated"""
2017-10-14,LEN,56.02,0.34703195,56.78,39.68,0.002854594,16.375328,11.670833,N/A,1.0906165,1.7939605,12880006144,523427008,24.6070721364,13.376,"""Lennar Corporation"""
2017-10-14,LH,149.6,0.1050967,164.22,119.51,N/A,20.952383,14.39846,1.75,1.57547,2.5959604,15229280256,1243300096,12.2490783239,N/A,"""Laboratory Corporation of America Holdings"""
2017-10-14,LKQ,37.27,0.12534058,37.68,27.85,N/A,23.366772,17.58019,0.74,1.2568233,2.9823158,11511248896,635195968,18.1223582578,N/A,"""LKQ Corporation"""
2017-10-14,LLL,187.56,0.2739172,192.0,132.38,0.015358542,21.14305,19.681007,5.07,1.3465431,2.9401805,14670585856,1072000000,13.685248,N/A,"""L3 Technologies, Inc."""
2017-10-14,LLY,86.55,0.10059857,89.09,64.18,0.023834316,37.45132,19.148232,1.82,4.1184483,6.4753857,90625638400,5659200000,16.0138603336,N/A,"""Eli Lilly and Company"""
2017-10-14,LMT,319.39,0.37968802,322.19,228.5,0.022139188,18.531477,22.523977,4.21,1.8754503,72.720856,91981455360,5258999808,17.4902944891,16.159,"""Lockheed Martin Corporation"""
2017-10-14,LNC,74.87,0.5331831,76.1,47.71,0.01496326,11.406155,9.761409,1.25,1.1970123,1.0401934,16585801728,938000000,17.6820913945,N/A,"""Lincoln National Corporation"""
2017-10-14,LNT,43.05,0.1558721,43.69,34.88,0.028295746,25.413223,20.211266,3.1,2.9774961,2.4559302,9947218944,851600000,11.6806234664,13.448,"""Alliant Energy Corporation"""
2017-10-14,LOW,82.33,0.16561866,86.25,64.87,0.017898738,23.375923,16.017511,1.34,1.0101273,12.447839,68565417984,6063000064,11.3088268613,N/A,"""Lowe's Companies, Inc."""
2017-10-14,LRCX,189.9,0.90689385,190.31,93.69,0.008824001,20.551949,13.983799,0.69,3.8506927,4.5048037,30857990144,2029281920,15.2063593727,11.434,"""Lam Research Corporation"""
2017-10-14,LUK,25.29,0.359635,27.34,17.87,0.00986972,14.991109,16.748344,1.07,0.77398324,0.86452675,9069904896,1044035008,8.68735705843,5.394,"""Leucadia National Corporation"""
2017-10-14,LUV,59.12,0.42604268,64.39,36.91,0.0072266622,18.129408,12.659529,1.46,1.6978774,4.1484804,35387162624,3935000064,8.99292555234,6.642,"""Southwest Airlines Co."""
2017-10-14,LVLT,55.36,0.20199609,64.61,45.88,N/A,31.49033,31.276836,12.33,2.4564018,1.7685771,20078628864,2302000128,8.72225358278,N/A,"""Level 3 Communications, Inc."""
2017-10-14,LYB,97.68,0.22632968,100.74,76.71,0.035373732,10.905437,10.745874,1.5,1.2102718,5.654414,38662135808,5282999808,7.31821639468,7.394,"""LyondellBasell Industries N.V."""
2017-10-14,M,20.2,-0.4231975,45.41,19.32,0.07460474,9.181818,7.651515,0.32,0.24577892,1.401999,6152092160,1776999936,3.46206661878,4.547,"""Macy's, Inc."""
2017-10-14,MA,147.34,0.45503235,148.45,99.51,0.005792558,36.56079,28.833658,1.97,13.735653,26.86235,156902359040,4403999744,35.6272407267,22.629,"""Mastercard Incorporated"""
2017-10-14,MAA,108.78,0.20000005,110.95,87.59,0.031106202,50.29126,53.851486,10.27,9.523579,1.9621567,12816785408,567611008,22.5802269994,N/A,"""Mid-America Apartment Communities, Inc."""
2017-10-14,MAC,58.16,-0.24524593,77.93,52.12,0.048827108,57.18781,67.62791,-489.0,8.260839,2.1331377,8827408384,388024000,22.7496453415,19.938,"""The Macerich Company"""
2017-10-14,MAR,115.11,0.71040046,115.31,65.91,0.010746112,37.778145,24.336153,1.81,9.3867445,8.784341,42869264384,2022000000,21.2014166093,18.887,"""Marriott International, Inc."""
2017-10-14,MAS,38.92,0.15502965,39.62,29.38,0.0102459015,24.069263,17.297777,1.1,1.65993,N/A,12399677440,691000000,17.9445404342,11.388,"""Masco Corporation"""
2017-10-14,MAT,15.74,-0.48243868,33.23,14.35,0.09731114,22.582495,15.74,3.15,1.0101942,2.608984,5394507264,286040000,18.8592758495,11.171,"""Mattel, Inc."""
2017-10-14,MCD,165.37,0.4581443,165.51,110.33,0.022634372,27.069895,23.760057,2.43,5.53999,N/A,133949202432,5823399936,23.0018896013,15.925,"""McDonald's Corporation"""
2017-10-14,MCHP,91.76,0.56354344,92.51,58.42,0.01572238,49.43966,16.240707,0.76,5.9642234,6.2579284,21355122688,1180477056,18.0902479887,18.04,"""Microchip Technology Incorporated"""
2017-10-14,MCK,147.17,-0.062122583,169.29,114.53,0.007433464,6.6771016,11.399691,4.33,0.15483591,2.73769,30944110592,3625999872,8.53395247776,9.643,"""McKesson Corporation"""
2017-10-14,MCO,144.24,0.34892213,144.81,93.51,0.010421733,57.950985,23.189713,2.24,7.183979,N/A,27549841408,632000000,43.5915212152,15.168,"""Moody's Corporation"""
2017-10-14,MDLZ,41.68,-0.004286766,47.23,40.04,0.018177468,36.65787,17.888412,1.89,2.457891,2.4483082,62838439936,2763000064,22.742829707,N/A,"""Mondelez International, Inc."""
2017-10-14,MDT,78.07,-0.0563159,89.72,69.35,0.022458933,26.277348,15.071429,2.58,3.532867,2.098261,105752838144,6066999808,17.430829321,N/A,"""Medtronic plc"""
2017-10-14,MET,52.72,0.26768935,53.3,40.303032,0.030343259,620.2353,10.870104,1.27,0.8849077,0.80722713,55938555904,14122000384,3.9610929318,104.688,"""MetLife, Inc."""
2017-10-14,MGM,29.74,0.15742874,34.65,25.15,0.007316262,17.608051,18.704403,2.97,1.7225001,2.6262803,17106209792,1859452032,9.19959724565,N/A,"""MGM Resorts International"""
2017-10-14,MHK,254.99,0.32004285,259.91,175.52,N/A,5.1104975,17.229053,2.48,2.0715513,2.9404507,18955497472,1176691968,16.1091415489,12.019,"""Mohawk Industries, Inc."""
2017-10-14,MKC,98.51,0.049718976,106.5,88.64,0.018178146,26.164675,21.461874,2.22,2.8830678,6.8262773,12904612864,622600000,20.7269721555,17.448,"""McCormick & Company, Incorporated"""
2017-10-14,MLM,204.57,0.16248095,244.32,172.38,0.008156132,29.43877,19.919182,N/A,3.4600074,3.0623794,12855117824,698409024,18.406288267,15.286,"""Martin Marietta Materials, Inc."""
2017-10-14,MMC,83.9,0.27919793,84.52,62.33,0.016692594,23.1832,20.023867,2.06,3.185956,6.1523795,43000848384,2120999936,20.2738565212,14.741,"""Marsh & McLennan Companies, Inc."""
2017-10-14,MMM,217.72,0.27836192,219.76,163.85,0.021002805,24.834036,23.06356,2.59,4.255334,11.209391,129928110080,6746999808,19.2571681899,N/A,"""3M Company"""
2017-10-14,MNST,55.83,0.16340959,57.25,40.64,N/A,42.23147,32.4593,1.92,9.940942,8.399279,31720878080,987021952,32.1379661473,23.703,"""Monster Beverage Corporation"""
2017-10-14,MO,65.05,0.04677236,77.79,60.01,0.037337415,8.5784,18.272472,2.47,6.3730264,10.099364,124802981888,4650999808,26.833581389,13.647,"""Altria Group, Inc."""
2017-10-14,MON,122.3,0.17363226,122.8,97.35,0.01801351,26.414686,22.317518,2.63,3.6700277,8.22406,53729206272,3225999872,16.6550553019,N/A,"""Monsanto Company"""
2017-10-14,MOS,21.78,-0.07008326,34.36,19.23,0.04592558,51.857147,19.981651,2.87,1.0698012,0.78370696,7645869056,805500032,9.49207790472,N/A,"""The Mosaic Company"""
2017-10-14,MPC,56.37,0.35125446,57.02,40.01,0.02617153,33.613594,15.923729,1.07,0.46811244,2.2573283,28537538560,3351000064,8.51612593702,8.805,"""Marathon Petroleum Corporation"""
2017-10-14,MRK,63.39,0.03754878,66.8,58.29,0.029139902,34.32052,15.128878,2.67,4.32044,4.380485,172886720512,10206000128,16.9397137315,12.336,"""Merck & Co., Inc."""
2017-10-14,MRO,13.75,-0.03949225,19.28,10.55,0.014684288,-1.7531557,-49.107143,0.23,2.485162,0.942168,11685231616,1847000064,6.32660054743,8.228,"""Marathon Oil Corporation"""
2017-10-14,MS,48.3,0.528468,50.14,31.61,0.017493311,13.835577,12.105263,0.96,2.3860028,1.2637693,88706809856,-23331000320,-3.80210058031,N/A,"""Morgan Stanley"""
2017-10-14,MSFT,77.49,0.34778047,77.87,56.66,0.020228215,28.594095,21.465374,2.18,6.6353145,8.250638,596846575616,39507001344,15.1073621209,17.505,"""Microsoft Corporation"""
2017-10-14,MSI,89.93,0.22795033,93.75,71.24,0.020267261,23.715717,15.64,3.7,2.3623183,N/A,14627474432,1176000000,12.4383285986,10.832,"""Motorola Solutions, Inc."""
2017-10-14,MTB,163.21,0.4283334,173.72,113.42,0.017809987,19.10453,16.337337,1.61,4.736707,1.6536806,24796823552,2156666880,11.4977532144,N/A,"""M&T Bank Corporation"""
2017-10-14,MTD,658.65,0.6134292,662.99,395.61,N/A,40.502403,33.673317,2.92,6.4811826,36.5998,16906294272,486078016,34.7810304427,N/A,"""Mettler-Toledo International Inc."""
2017-10-14,MU,40.4,1.388464,42.07,16.45,N/A,17.742645,6.6447372,-0.29,2.2068117,2.7732017,44846829568,N/A,N/A,N/A,"""Micron Technology, Inc."""
2017-10-14,MYL,37.95,0.03622389,45.87,29.39,N/A,30.679064,7.3404255,1.56,1.6950566,1.5854117,20351864832,2570800128,7.91654886365,N/A,"""Mylan N.V."""
2017-10-14,NAVI,11.62,-0.1301142,17.95,11.481,0.054237287,6.0238466,6.315217,2.97,1.6675856,0.899729,3185088512,1211000064,2.63013075448,N/A,"""Navient Corporation"""
2017-10-14,NBL,27.15,-0.22625458,42.03,22.99,0.014657384,-6.403302,339.375,-48.51,3.3872008,1.3300347,13115241472,1788000000,7.33514623714,N/A,"""Noble Energy, Inc."""
2017-10-14,NDAQ,74.34,0.1285026,78.31,63.3,0.017888132,56.48936,16.302631,1.87,3.2015529,2.218376,12399613952,807000000,15.3650730508,13.24,"""Nasdaq, Inc."""
2017-10-14,NEE,150.55,0.2147348,152.27,110.49,0.02458527,17.243156,20.7942,3.05,4.1847744,2.7247884,70643179520,6231000064,11.3373742247,N/A,"""NextEra Energy, Inc."""
2017-10-14,NEM,38.59,0.09591782,39.63,30.19,0.004558479,-42.83019,30.872,8.95,2.8927367,1.8831738,20578928640,2382000128,8.63934825112,N/A,"""Newmont Mining Corporation"""
2017-10-14,NFLX,199.49,0.962525,200.82,98.38,N/A,242.68857,98.75743,2.36,8.452528,27.672354,86129811456,-1897484928,-45.3915655324,114.539,"""Netflix, Inc."""
2017-10-14,NFX,29.65,-0.30517966,50.0,24.41,N/A,19.228273,13.119469,0.67,3.6027303,4.8534946,5858039296,915000000,6.4022287388,8.58,"""Newfield Exploration Company"""
2017-10-14,NI,26.6,0.15975559,27.29,21.17,0.025969138,30.858469,21.11111,3.02,1.8257947,2.10177,8668142592,967600000,8.95839457627,N/A,"""NiSource Inc."""
2017-10-14,NKE,50.98,-0.003919184,60.53,49.01,0.013771394,20.310757,18.272402,2.66,2.4354045,6.7514234,83678060544,N/A,N/A,15.584,"""NIKE, Inc."""
2017-10-14,NLSN,39.7,-0.25434828,54.99,36.96,0.031853523,28.935862,13.978874,1.79,2.213275,3.377861,14156106752,1264999936,11.1905987891,N/A,"""Nielsen Holdings plc"""
2017-10-14,NOC,296.4,0.36296427,299.33,214.59,0.01238784,22.64151,21.874538,2.73,2.0488234,8.720725,51618058240,2336999936,22.0873169249,N/A,"""Northrop Grumman Corporation"""
2017-10-14,NOV,34.65,-0.04790914,43.63,29.9,0.0058173356,-5.7472224,69.3,-0.31,1.9257607,0.94380736,13168352256,490000000,26.8741882776,N/A,"""National Oilwell Varco, Inc."""
2017-10-14,NRG,26.06,1.3409297,26.25,9.84,0.004672897,-5.996318,19.742422,0.49,0.65833586,8.068111,8246973440,1335000064,6.17750789861,N/A,"""NRG Energy, Inc."""
2017-10-14,NSC,131.65,0.40963733,134.52,89.95,0.017951978,21.39259,18.780312,1.7,3.7100685,2.9962673,37939159040,3177999872,11.9380618528,11.027,"""Norfolk Southern Corporation"""
2017-10-14,NTAP,43.63,0.299222,45.24,30.36,0.017733764,21.067118,12.832353,0.88,2.1206384,4.255755,11769542656,1008000000,11.6761335873,9.489,"""NetApp, Inc."""
2017-10-14,NTRS,92.99,0.32844746,99.3,69.46,0.016282806,21.1101,17.611742,1.71,4.171214,2.3130114,21246912512,2329799936,9.119629623,N/A,"""Northern Trust Corporation"""
2017-10-14,NUE,58.31,0.22692311,68.0,45.3,0.026262628,16.370018,12.380043,0.72,1.021331,2.223451,18625730560,1218125056,15.2904912909,7.77,"""Nucor Corporation"""
2017-10-14,NVDA,194.59,1.9115987,195.0,65.52,0.0028006074,55.964912,49.388325,4.06,13.992569,19.54696,116753997824,2140000000,54.5579429084,N/A,"""NVIDIA Corporation"""
2017-10-14,NWL,43.1,-0.1837436,55.08,40.88,0.018700328,17.21246,12.244318,1.48,1.3706288,1.7015396,21123309568,1251600000,16.8770450368,N/A,"""Newell Brands Inc."""
2017-10-14,NWS,14.05,0.0036232471,14.9,11.25,0.014440433,-11.036921,N/A,N/A,0.98714066,0.7578209,8034337792,494000000,16.2638416842,8.545,"""News Corporation"""
2017-10-14,NWSA,13.68,0.011958122,14.49,10.99,0.014771049,-10.746269,25.811323,2.28,0.98941416,0.7378641,8052841472,494000000,16.3012985263,8.238,"""News Corporation"""
2017-10-14,O,56.87,-0.09417403,63.6,52.72,0.043612335,48.648415,45.862904,6.11,13.419459,2.226093,15609676800,903235008,17.2819661126,21.023,"""Realty Income Corporation"""
2017-10-14,OKE,56.47,0.14074826,59.47,45.41,0.045913845,35.382206,26.02304,3.42,2.0461063,3.968098,21459052544,1463050112,14.6673393946,N/A,"""ONEOK, Inc."""
2017-10-14,OMC,75.14,-0.10225767,89.66,71.63,0.0295858,15.173667,13.837937,1.91,1.1251326,7.685384,17338855424,1977900032,8.76629513296,8.706,"""Omnicom Group Inc."""
2017-10-14,ORCL,48.61,0.25959778,53.14,37.64,0.013269749,21.995476,15.238244,1.87,5.2941895,3.7337737,202873339904,14817000448,13.6919304697,12.634,"""Oracle Corporation"""
2017-10-14,ORLY,209.72,-0.25527936,286.57,169.43,N/A,18.370707,16.045908,1.23,2.105411,21.22887,18458863616,1335939968,13.8171355436,10.812,"""O'Reilly Automotive, Inc."""
2017-10-14,OXY,64.73,-0.11384022,75.6,57.2,0.047337275,455.8451,48.669174,1.17,4.3212094,2.3525352,49490812928,4070000128,12.1599045139,15.168,"""Occidental Petroleum Corporation"""
2017-10-14,PAYX,63.75,0.15572298,64.75,52.78,0.028562559,28.333334,24.902344,3.21,7.2549734,11.71875,22862598144,960400000,23.8052875302,15.478,"""Paychex, Inc."""
2017-10-14,PBCT,18.21,0.1839379,20.13,15.38,0.03736324,20.369127,16.554544,5.52,4.5974836,1.1257417,6150973440,401300000,15.3276188388,N/A,"""People's United Financial, Inc."""
2017-10-14,PCAR,72.69,0.2837528,74.79,53.38,0.013300425,19.456638,16.520454,2.09,1.4796215,3.4045246,25541521408,1836599936,13.9069597615,13.165,"""PACCAR Inc"""
2017-10-14,PCG,57.72,0.06788075,71.57,56.13,0.030930232,14.230769,15.070497,8.43,1.6407121,1.5861937,29600088064,5350000128,5.53272660856,8.215,"""PG&E Corporation"""
2017-10-14,PCLN,1929.06,0.33478236,2067.99,1422.19,N/A,40.970608,22.345188,1.44,8.241592,8.165334,94637760512,4159305216,22.7532618063,21.521,"""The Priceline Group Inc."""
2017-10-14,PDCO,37.41,-0.15559083,49.26,35.93,0.02686006,21.737362,15.084678,1.94,0.6291472,2.5224192,3501082112,189470000,18.478292669,N/A,"""Patterson Companies, Inc."""
2017-10-14,PEG,48.64,0.17921579,49.33,39.28,0.034271725,54.651684,16.600681,21.25,2.655854,1.9014856,24606488576,3344999936,7.35620001399,9.871,"""Public Service Enterprise Group Incorporated"""
2017-10-14,PEP,112.62,0.052409887,119.39,98.5,0.02722988,23.850063,20.255396,3.37,2.5276463,12.789008,160540934144,9642000384,16.6501688187,N/A,"""Pepsico, Inc."""
2017-10-14,PFE,36.34,0.11846149,36.6,29.83,0.034112792,26.583761,13.166667,2.34,4.1287313,3.7043831,216126701568,15328000000,14.1001240585,N/A,"""Pfizer Inc."""
2017-10-14,PFG,67.21,0.28836596,67.95,52.08,0.025991386,15.275,12.287021,1.49,1.5463248,1.7367822,19421067264,3561299968,5.45336462486,N/A,"""Principal Financial Group, Inc."""
2017-10-14,PG,93.04,0.049185872,94.67,81.18,0.02927835,16.63508,20.907866,3.4,3.646791,4.3847494,237252935680,12753000448,18.6036953929,N/A,"""The Procter & Gamble Company"""
2017-10-14,PGR,48.67,0.50184846,49.75,30.99,0.01396923,20.710638,17.893381,0.93,1.1343266,3.1450725,28321073152,3167300096,8.94170817213,11.55,"""The Progressive Corporation"""
2017-10-14,PH,180.4,0.4477048,181.94,118.77,0.014326965,24.882757,17.634409,1.42,1.9975605,4.5666256,24029278208,1302470912,18.4489941285,15.871,"""Parker-Hannifin Corporation"""
2017-10-14,PHM,27.07,0.39639175,27.76,17.69,0.013289037,14.98063,10.025926,0.64,1.0100924,1.8499281,8167262208,564702016,14.4629591831,9.832,"""PulteGroup, Inc."""
2017-10-14,PKG,115.69,0.38605547,119.43,78.03,0.021818181,22.290945,17.292974,1.82,1.7807292,5.6827784,10828792832,810600000,13.3589844954,N/A,"""Packaging Corporation of America"""
2017-10-14,PKI,71.39,0.3860258,72.11,45.35,0.0038991785,21.52895,22.03395,2.45,3.6727426,3.2259378,7868248576,324190016,24.2704839374,19.201,"""PerkinElmer, Inc."""
2017-10-14,PLD,65.21,0.27109373,65.63,45.93,0.02642901,29.268402,44.06081,N/A,11.953827,2.346021,35189207040,1528504960,23.0219776585,22.938,"""Prologis, Inc."""
2017-10-14,PM,113.99,0.19914138,123.55,86.78,0.03632236,25.258142,20.992634,2.23,6.573406,N/A,177048125440,9312000000,19.0129000687,N/A,"""Philip Morris International Inc."""
2017-10-14,PNC,133.75,0.5334997,137.41,87.97,0.016263768,17.02087,14.443844,1.61,4.1872306,1.5248247,64093937664,5158000128,12.4261217669,N/A,"""The PNC Financial Services Group, Inc."""
2017-10-14,PNR,69.98,0.18457627,70.51,53.8,0.019602232,20.60053,17.8977,1.78,2.6198328,2.5899334,12699901952,647200000,19.6228398517,N/A,"""Pentair plc"""
2017-10-14,PNW,87.38,0.17605066,90.92,70.86,0.029664414,19.297703,19.504463,3.4,2.7643387,2.0071666,9753792512,891476992,10.9411601191,9.499,"""Pinnacle West Capital Corporation"""
2017-10-14,PPG,113.5,0.22382903,114.15,89.64,0.014109347,29.860561,16.64223,1.92,1.9603018,5.170607,29110480896,1772000000,16.428036623,N/A,"""PPG Industries, Inc."""
2017-10-14,PPL,37.56,0.160617,40.2,32.46,0.040396143,15.72206,16.120173,444.0,3.4825945,2.4544208,25760751616,2510000128,10.2632471324,N/A,"""PPL Corporation"""
2017-10-14,PRGO,87.78,0.014231205,92.64,63.68,0.006958704,-4.2677946,17.211765,2.45,2.4913712,2.058389,12518393856,710499968,17.6191335958,N/A,"""Perrigo Company plc"""
2017-10-14,PRU,109.11,0.2939297,115.26,82.45,0.02652035,12.181535,9.759392,1.35,0.7862888,0.96183,46589968384,5957000192,7.82104530508,N/A,"""Prudential Financial, Inc."""
2017-10-14,PSA,218.56,0.007902861,232.21,192.15,0.0359762,31.178316,27.948849,5.78,14.102898,7.6668887,38030098432,1945948928,19.5432150787,N/A,"""Public Storage"""
2017-10-14,PSX,94.43,0.19206464,95.0,75.14,0.02745389,28.238636,16.566668,-1.64,0.60986584,2.1594365,48301985792,2865999872,16.853450087,N/A,"""Phillips 66"""
2017-10-14,PVH,124.94,0.13002539,130.75,84.53,6.0096156E-4,23.825325,14.443932,1.42,1.1501033,1.9077432,9673404416,748499968,12.9237205472,N/A,"""PVH Corp."""
2017-10-14,PWR,37.29,0.35820353,38.82,27.29,N/A,21.199547,15.282787,0.76,0.6788475,1.6214454,5786289664,107654000,53.7489518643,9.382,"""Quanta Services, Inc."""
2017-10-14,PX,142.21,0.21173549,142.97,114.43,0.021674775,26.631086,22.681023,N/A,3.724712,7.004729,40681304064,2924999936,13.9081384459,N/A,"""Praxair, Inc."""
2017-10-14,PXD,143.92,-0.20642495,199.83,125.46,5.470459E-4,145.22704,58.267204,8.7,5.007262,2.3101125,24480503808,1822000000,13.4360613655,14.314,"""Pioneer Natural Resources Company"""
2017-10-14,PYPL,68.66,0.74417424,69.61,38.06,N/A,55.37097,31.351599,1.97,7.0207324,5.502485,82556788736,3396000000,24.3100084617,N/A,"""PayPal Holdings, Inc."""
2017-10-14,Q,99.85,0.3077842,100.0,70.1,N/A,289.4203,18.875237,1.56,3.0819824,2.866123,21478334464,1008000000,21.3078714921,18.929,"""Quintiles IMS Holdings, Inc."""
2017-10-14,QCOM,52.82,-0.18699193,71.62,48.92,0.040754717,20.229797,15.627218,1.21,3.4542563,2.4912744,77966016512,4360000000,17.8821138789,10.904,"""QUALCOMM Incorporated"""
2017-10-14,QRVO,72.39,0.3743589,79.339,48.28,N/A,-219.36363,10.968182,0.95,3.0969207,1.8747088,9212930048,821067008,11.2206798693,11.992,"""Qorvo, Inc."""
2017-10-14,RCL,127.77,0.8171246,128.09,67.53,0.01536,17.925085,14.943859,1.16,3.167474,2.8381348,27484733440,2905058048,9.46099285655,N/A,"""Royal Caribbean Cruises Ltd."""
2017-10-14,RE,240.51,0.15979755,277.17,191.11,0.021603987,8.252187,11.74939,24.22,1.6085616,1.1504738,9876254720,1323801088,7.46052772545,N/A,"""Everest Re Group, Ltd."""
2017-10-14,REG,64.67,-0.13646173,75.15,58.63,0.031855088,107.42525,45.223778,5.82,13.798168,1.6588856,11023259648,313920992,35.1147579452,N/A,"""Regency Centers Corporation"""
2017-10-14,REGN,442.96,0.2192893,543.55,325.35,N/A,44.438198,26.813559,1.65,9.017981,8.507663,47218651136,1354238976,34.8672959299,N/A,"""Regeneron Pharmaceuticals, Inc."""
2017-10-14,RF,14.83,0.48951042,16.03,9.87,0.017773306,15.496343,13.008772,1.27,3.2621086,1.1065512,17723035648,1964999936,9.01935685763,N/A,"""Regions Financial Corporation"""
2017-10-14,RHI,49.01,0.2868421,51.76,34.42,0.018813906,18.996124,17.076654,4.76,1.189362,5.530354,6183983616,492946976,12.5449265683,N/A,"""Robert Half International Inc."""
2017-10-14,RHT,121.1,0.58695364,122.31,68.54,N/A,82.945206,38.322784,2.48,8.127219,16.467228,21490405376,855385984,25.1236351518,N/A,"""Red Hat, Inc."""
2017-10-14,RJF,85.33,0.48742247,87.22,57.84,0.009961775,20.29251,14.814236,1.0,1.9423943,2.2754667,11893552128,936523968,12.6996772473,N/A,"""Raymond James Financial, Inc."""
2017-10-14,RL,85.04,-0.12274927,114.0,66.06,0.023457658,-399.24884,15.632353,6.97,1.0717872,2.0575852,6910562816,1043600000,6.62185014948,N/A,"""Ralph Lauren Corporation"""
2017-10-14,RMD,77.63,0.20894349,81.87,56.59,0.017270269,32.34583,23.173134,2.5,5.345019,5.630258,11046748160,414053024,26.6795495255,19.794,"""ResMed Inc."""
2017-10-14,ROK,185.88,0.5971261,186.49,115.36,0.016287263,29.975811,25.463015,2.82,3.859241,10.954739,23859372032,1199100032,19.8977327957,18.027,"""Rockwell Automation Inc."""
2017-10-14,ROP,250.1,0.47027946,253.16,167.5,0.0053560804,37.44573,24.860834,1.81,6.120592,4.1231165,25565222912,1137044992,22.4839149654,21.167,"""Roper Technologies, Inc."""
2017-10-14,ROST,63.12,-0.017238736,69.81,52.85,0.009718711,20.845442,17.931818,1.7,1.8251812,8.512475,24338567168,1577227008,15.4312391587,10.395,"""Ross Stores, Inc."""
2017-10-14,RRC,19.44,-0.4754967,39.64,16.0,0.004040404,131.35135,28.588236,1.98,2.3424344,0.83785886,4744001536,625195008,7.58803489359,9.431,"""Range Resources Corporation"""
2017-10-14,RSG,63.33,0.2695911,67.18,49.44,0.02010366,32.51027,23.808271,2.44,2.196862,2.785083,21327136768,1882300032,11.3303598818,11.039,"""Republic Services, Inc."""
2017-10-14,RTN,187.89,0.37609267,189.6444,132.89,0.016198188,25.951658,22.156841,2.61,2.2241964,5.039968,54535069696,2521999872,21.6237400729,N/A,"""Raytheon Company"""
2017-10-14,SBAC,150.94,0.3734548,154.71,95.66,N/A,518.69415,94.93082,3.45,10.82338,N/A,18166837248,791988992,22.9382446366,23.313,"""SBA Communications Corporation"""
2017-10-14,SBUX,55.72,0.06084156,64.87,50.84,0.017866714,28.12721,23.51055,1.8,3.59175,13.785255,80454115328,4397799936,18.2941735638,N/A,"""Starbucks Corporation"""
2017-10-14,SCG,49.85,-0.29294372,74.99,47.8,0.047883067,11.7654,11.701877,2.17,1.648025,1.2201988,7124411904,1323000064,5.38504275084,N/A,"""SCANA Corporation"""
2017-10-14,SCHW,44.73,0.42095292,46.21,30.66,0.006662226,30.020134,22.938461,1.51,7.412305,4.070434,59898834944,1648000000,36.3463804272,N/A,"""The Charles Schwab Corporation"""
2017-10-14,SEE,44.55,-0.012969613,50.62,41.22,0.014499321,23.023256,17.963709,2.43,1.2384262,24.93005,8465881088,861299968,9.82919006448,N/A,"""Sealed Air Corporation"""
2017-10-14,SHW,385.84,0.42279017,387.17,239.48,0.008811951,31.808739,21.591494,1.6,2.8697073,14.980587,36041392128,1384722048,26.0278892649,N/A,"""The Sherwin-Williams Company"""
2017-10-14,SIG,60.01,-0.22703314,101.46,46.09,0.018509498,9.034928,8.26584,1.25,0.554642,1.662511,3628246528,778900032,4.65816713177,N/A,"""Signet Jewelers Limited"""
2017-10-14,SJM,105.11,-0.20329171,143.68,102.73,0.028582208,22.086575,12.928659,1.87,1.6297976,1.7210834,11938919424,1124400000,10.6180357737,N/A,"""The J. M. Smucker Company"""
2017-10-14,SLB,67.17,-0.16905409,87.84,62.56,0.029722098,528.8976,28.341772,0.97,3.2768543,2.353209,93331365888,4933000192,18.9197977408,17.199,"""Schlumberger Limited"""
2017-10-14,SLG,103.49,-0.0032328367,115.34,93.9,0.02904703,106.36176,50.237865,-11.48,6.7846155,1.5162926,10397225984,575057984,18.0803088963,N/A,"""SL Green Realty Corp."""
2017-10-14,SNA,152.01,0.016357183,181.73,140.83,0.018072687,15.736025,13.6331835,N/A,2.283878,3.0660777,8753419264,591900032,14.7886784774,N/A,"""Snap-on Incorporated"""
2017-10-14,SNI,83.82,0.36325192,88.45,60.9,0.01312023,17.29674,15.21234,2.13,3.1339507,4.326864,10880925696,1001268992,10.8671353881,9.11,"""Scripps Networks Interactive, Inc."""
2017-10-14,SNPS,84.61,0.4182427,85.0,56.03,N/A,39.723003,23.634079,2.81,4.775619,3.713408,12712483840,597372992,21.280647117,N/A,"""Synopsys, Inc."""
2017-10-14,SO,50.94,9.864569E-4,52.23,46.2,0.044540793,83.7829,16.81188,5.83,2.2481213,2.1784124,50913202176,5496000000,9.26368307424,N/A,"""The Southern Company"""
2017-10-14,SPG,166.31,-0.16684395,199.69,150.15,0.04132734,29.639992,23.657183,2.67,10.847623,14.034598,59558273024,3488325888,17.0735977475,18.164,"""Simon Property Group, Inc."""
2017-10-14,SPGI,161.82,0.31472862,162.96,107.21,0.009558094,18.853548,23.150217,2.0,7.1703,40.812107,41587740672,1498000000,27.7621766836,15.529,"""S&P Global Inc."""
2017-10-14,SRCL,70.6,-0.039358497,88.0,68.62,N/A,-283.53412,14.708332,2.04,1.6704907,2.1909137,6024912384,538887040,11.1802881435,11.483,"""Stericycle, Inc."""
2017-10-14,SRE,114.87,0.11009002,120.17,92.95,0.027207658,16.99009,20.62298,2.38,2.6293492,2.1626253,28841330688,3292000000,8.76103605346,N/A,"""Sempra Energy"""
2017-10-14,STI,59.46,0.3346008,61.69,44.45,0.017429193,15.813829,13.361798,1.63,3.3799872,1.2785447,28537231360,2359000064,12.0971727791,N/A,"""SunTrust Banks, Inc."""
2017-10-14,STT,99.26,0.43712664,99.99,68.54,0.015411133,18.327179,14.343931,1.16,3.4935317,1.9676486,37118775296,1276999936,29.067170835,N/A,"""State Street Corporation"""
2017-10-14,STX,34.4,-0.039702952,50.96,30.6,0.07495539,13.333334,8.865979,0.51,0.9192603,7.3598638,9901352960,1916000000,5.16772075157,5.915,"""Seagate Technology plc"""
2017-10-14,STZ,208.56,0.24095011,213.4,144.0,0.008293154,26.158283,23.250835,1.45,5.4568977,5.511045,40700272640,1754000000,23.2042603421,N/A,"""Constellation Brands, Inc."""
2017-10-14,SWK,158.71,0.3164767,159.79,111.89,0.014657568,20.323986,19.473621,2.03,2.0533822,3.4973557,24306913280,1192800000,20.3780292421,N/A,"""Stanley Black & Decker, Inc."""
2017-10-14,SWKS,106.66,0.36949158,112.11,71.65,0.010662605,20.47217,14.651099,1.06,5.595828,5.026864,19597709312,1500899968,13.0573054366,N/A,"""Skyworks Solutions, Inc."""
2017-10-14,SYF,30.82,0.15972745,38.055,26.01,0.016971279,11.573413,9.601246,1.34,3.483334,1.7103218,24512223232,7368999936,3.32639753629,N/A,"""Synchrony Financial"""
2017-10-14,SYK,146.69,0.29048157,149.23,106.48,0.011292304,32.743305,20.631504,2.22,4.5890527,5.467999,54871302144,1858000000,29.5324554058,N/A,"""Stryker Corporation"""
2017-10-14,SYMC,32.36,0.31872666,34.2,22.76,0.009404389,-53.31137,15.862745,9.33,4.614041,5.833784,19886516224,763000000,26.0635861389,N/A,"""Symantec Corporation"""
2017-10-14,SYY,54.45,0.12474096,57.07,47.15,0.02394989,26.177885,18.333334,2.08,0.51910025,12.118852,28743174144,2176424960,13.2066001228,11.712,"""Sysco Corporation"""
2017-10-14,T,35.7,-0.08683473,43.03,35.1,0.054378137,16.776316,11.939799,1.84,1.353634,1.7574087,219198013440,39296999424,5.57798347591,N/A,"""AT&T Inc."""
2017-10-14,TAP,83.59,-0.23589092,111.98,80.92,0.019442799,8.350649,17.378378,2.72,2.050209,1.487843,18004115456,1663000064,10.8262866886,N/A,"""Molson Coors Brewing Company"""
2017-10-14,TDG,265.49,-0.049530387,295.0,203.72,N/A,29.498888,19.521322,2.84,3.9715166,N/A,13781718016,741969984,18.5744953478,N/A,"""TransDigm Group Incorporated"""
2017-10-14,TEL,87.74,0.43273807,87.94,60.88,0.017268984,18.62845,17.443338,2.06,2.38709,3.3948538,31005911040,2107000064,14.7156668715,11.639,"""TE Connectivity Ltd."""
2017-10-14,TGT,60.85,-0.104848325,79.33,48.56,0.039873734,12.295413,13.829545,-4.01,0.47771847,2.9947338,33238216704,6871000064,4.83746418198,5.91,"""Target Corporation"""
2017-10-14,TIF,94.4,0.28066754,97.29,71.46,0.020091224,25.63824,21.902554,2.54,2.910686,3.739947,11753932800,779900032,15.0710761863,11.358,"""Tiffany & Co."""
2017-10-14,TJX,72.07,-0.021003842,80.92,66.66,0.015951518,20.399094,17.037825,1.66,1.3526499,10.098081,45856264192,3521356032,13.0223311063,10.051,"""The TJX Companies, Inc."""
2017-10-14,TMK,81.61,0.2793033,81.92,62.86,0.0071139457,17.554312,16.06496,2.15,N/A,1.8775164,9492875264,N/A,N/A,N/A,"""Torchmark Corporation"""
2017-10-14,TMO,192.42,0.28259718,194.3,139.07,0.003102539,33.522648,18.169971,1.76,4.0110126,3.35244,77007831040,3117899776,24.6986229746,N/A,"""Thermo Fisher Scientific Inc."""
2017-10-14,TRIP,39.4,-0.35681742,65.56,35.34,N/A,59.60666,32.295082,-10.87,3.5661242,4.0368853,5466868224,313000000,17.4660326645,27.594,"""TripAdvisor, Inc."""
2017-10-14,TROW,94.94,0.45211363,95.65,62.97,0.023502013,16.301512,17.199276,1.34,5.105853,4.413351,22819588096,323900000,70.4525720778,N/A,"""T. Rowe Price Group, Inc."""
2017-10-14,TRV,126.67,0.09540784,130.37,103.45,0.021675268,12.614021,13.126425,-11.92,1.2415361,1.4648503,34954207232,4494000128,7.77797201522,N/A,"""The Travelers Companies, Inc."""
2017-10-14,TSCO,58.82,-0.11199266,78.25,49.87,0.017010309,17.775763,16.24862,1.6,1.0583959,5.4127173,7452258816,588349952,12.6663710784,9.61,"""Tractor Supply Company"""
2017-10-14,TSN,70.21,-0.010482192,72.36,55.72,0.011652541,14.802867,13.123364,1.73,0.69114965,2.5462391,25759838208,2292000000,11.2390219058,N/A,"""Tyson Foods, Inc."""
2017-10-14,TSS,67.68,0.4424591,70.62,46.88,0.005898835,32.838425,18.800001,1.75,2.660833,5.5055723,12469227520,779619968,15.9939817242,16.388,"""Total System Services, Inc."""
2017-10-14,TWX,100.94,0.28678334,103.9,78.8,0.015869888,18.727274,15.529231,1.75,2.6063552,3.0180895,78511235072,5152999936,15.236024849,11.61,"""Time Warner Inc."""
2017-10-14,TXN,93.59,0.35369778,93.73,66.8,0.020297991,23.409204,21.765114,2.14,6.532554,8.668148,92657745920,4563999744,20.3018736015,N/A,"""Texas Instruments Incorporated"""
2017-10-14,TXT,53.26,0.41591752,55.8,37.19,0.0014939309,16.282482,17.93266,2.79,1.0236454,2.485069,14098667520,1308999936,10.7705639491,11.474,"""Textron Inc."""
2017-10-14,UA,14.95,-0.535409,34.16,14.8,N/A,30.263159,31.145834,8.23,1.3771489,3.2570806,6861541888,339632992,20.2028131825,14.1,"""Under Armour, Inc."""
2017-10-14,UAA,16.19,-0.5601914,39.12,15.92,N/A,32.77328,35.97778,6.88,1.3592492,3.5272331,6772358144,339632992,19.9402246057,15.247,"""Under Armour, Inc."""
2017-10-14,UAL,67.57,0.25664723,83.04,52.21,N/A,9.336741,7.784562,2.81,0.5498591,2.3276725,20556482560,3904000000,5.26549245902,4.146,"""United Continental Holdings, Inc."""
2017-10-14,UDR,39.0,0.15143442,40.71,32.79,0.031081429,35.262207,125.80645,-4.55,10.950121,3.666103,10722621440,550456960,19.4794910759,N/A,"""UDR, Inc."""
2017-10-14,UHS,105.55,-0.1420703,129.74,99.72,0.0037764353,14.350782,12.565477,1.74,1.0075831,2.0978258,10187443200,985636992,10.3358977825,N/A,"""Universal Health Services, Inc."""
2017-10-14,ULTA,198.58,-0.2649969,314.86,187.96,N/A,26.435038,20.09919,1.19,2.294517,7.5208306,12198888448,635048000,19.2093959008,13.984,"""Ulta Beauty, Inc."""
2017-10-14,UNH,192.52,0.4383061,200.76,133.03,0.013606677,23.128304,17.743778,1.31,0.9664384,4.3044314,186139901952,14421000192,12.9075583853,N/A,"""UnitedHealth Group Incorporated"""
2017-10-14,UNM,51.97,0.42649484,52.75,34.83,0.01595847,12.51686,11.811363,2.49,1.0483047,1.2612547,11728746496,1196699904,9.80090869632,7.838,"""Unum Group"""
2017-10-14,UNP,112.28,0.1748476,116.93,87.06,0.020802181,20.362713,17.380804,1.53,4.3363843,4.587913,89867231232,7458999808,12.0481610866,N/A,"""Union Pacific Corporation"""
2017-10-14,UPS,118.36,0.10682213,120.8,102.12,0.026929833,29.102533,18.265432,2.39,1.6274292,82.4234,102404358144,4400999936,23.2684298189,14.972,"""United Parcel Service, Inc."""
2017-10-14,URI,144.21,0.90237784,145.56,70.58,N/A,20.948578,13.464987,1.11,2.0373542,6.2583003,12191527936,2043000064,5.96746331575,10.899,"""United Rentals, Inc."""
2017-10-14,USB,54.13,0.26381087,56.61,42.52,0.020744583,16.353476,14.244738,2.61,4.6079917,2.1184251,90547044352,7431000064,12.185041525,N/A,"""U.S. Bancorp"""
2017-10-14,UTX,118.72,0.19165576,124.79,97.62,0.022218483,18.083778,16.984264,3.22,1.631967,3.334176,94830329856,6876000256,13.7914959752,N/A,"""United Technologies Corporation"""
2017-10-14,V,108.66,0.31600726,109.26,75.17,0.0061048935,40.409077,27.165,1.9,13.987865,9.410236,248480432128,8892999680,27.9411268491,20.304,"""Visa Inc."""
2017-10-14,VAR,102.7,0.21650839,107.87,75.203,N/A,33.805134,23.13063,2.6,2.880435,6.7753,9427951616,421400000,22.3729274229,14.56,"""Varian Medical Systems, Inc."""
2017-10-14,VFC,63.88,0.19024754,65.71,48.05,0.025294848,24.372377,19.12575,2.84,2.0944371,6.8940215,25144508416,1456785024,17.2602738234,14.468,"""V.F. Corporation"""
2017-10-14,VIAB,26.0,-0.319202,46.72,23.45,0.03256003,7.15465,6.5326633,1.12,0.8249739,1.9342359,10864906240,1624000000,6.69021320197,7.475,"""Viacom, Inc."""
2017-10-14,VLO,78.08,0.43878114,78.64,53.6,0.033371836,19.274254,14.222223,0.86,0.4359522,1.7322625,34485125120,4646000128,7.42254071673,7.431,"""Valero Energy Corporation"""
2017-10-14,VMC,116.28,0.046185374,138.18,108.37,0.007640716,37.437218,23.682281,1.87,4.1579022,3.3397477,15380936704,644808000,23.8535140755,19.158,"""Vulcan Materials Company"""
2017-10-14,VNO,79.89,0.03206551,90.31528,69.805984,0.033681035,17.25486,69.46957,2.67,5.98216,2.574937,16133226496,998078976,16.1642784629,N/A,"""Vornado Realty Trust"""
2017-10-14,VRSK,84.0,0.054737568,88.17,75.6,N/A,30.534351,24.561403,3.01,6.8092136,9.427609,13822703616,590800000,23.3965870278,16.938,"""Verisk Analytics, Inc."""
2017-10-14,VRSN,108.22,0.43617022,110.82,75.15,N/A,29.495777,24.993073,3.4,9.3948765,N/A,10813418496,679846976,15.9056653596,14.296,"""VeriSign, Inc."""
2017-10-14,VRTX,152.91,0.91279495,167.86,71.46,N/A,146.8876,49.009617,1.4,18.087908,22.942236,38551519232,657724992,58.6134322109,N/A,"""Vertex Pharmaceuticals Incorporated"""
2017-10-14,VTR,63.36,-0.056818128,72.36,56.2,0.048430566,32.097263,33.52381,5.02,6.4480696,2.1750774,22720514048,1443977088,15.7346776738,N/A,"""Ventas, Inc."""
2017-10-14,VZ,47.86,-0.04124534,54.83,42.8,0.04777663,12.303342,12.463542,11.38,1.5791179,7.750607,195240558592,19725000704,9.89812682503,7.206,"""Verizon Communications Inc."""
2017-10-14,WAT,185.79,0.1973964,190.39,133.35,N/A,28.001505,23.136986,2.64,6.70503,5.8872547,14830426112,659913984,22.4732714741,17.122,"""Waters Corporation"""
2017-10-14,WBA,67.56,-0.115498066,89.69,67.4,0.02173913,17.060606,12.283636,1.18,0.61949724,2.3625681,72295948288,7895000064,9.15718146953,N/A,"""Walgreens Boots Alliance, Inc."""
2017-10-14,WDC,87.8,0.6126363,95.77,52.1,0.023320895,65.52239,7.5559382,0.26,1.357389,2.245352,25916626944,3436999936,7.54047932109,7.534,"""Western Digital Corporation"""
2017-10-14,WEC,65.1,0.12973809,67.2,53.66,0.03095928,21.344263,19.84756,3.74,2.699082,2.2445953,20544061440,2147399936,9.56694703003,N/A,"""WEC Energy Group, Inc."""
2017-10-14,WFC,53.69,0.24067414,59.99,44.32,0.027531244,13.224137,12.092341,1.74,3.1224172,1.4687055,266513924096,10547999744,25.2667738495,N/A,"""Wells Fargo & Company"""
2017-10-14,WHR,178.78,0.08643651,202.99,145.91,0.02315076,17.894104,10.412347,0.99,0.62020606,2.75861,13047275520,1416000000,9.21417762712,8.369,"""Whirlpool Corporation"""
2017-10-14,WLTW,157.59,0.23086,157.84,112.76,0.0061369305,44.605152,16.080612,1.84,2.679489,2.066998,21162602496,803000000,26.3544240299,15.193,"""Willis Towers Watson Public Limited Company"""
2017-10-14,WM,77.02,0.22796929,79.28,61.59,0.021710869,26.37671,21.94302,2.32,2.3994033,6.173453,33891571712,3000000000,11.2971905707,N/A,"""Waste Management, Inc."""
2017-10-14,WMB,29.87,0.03783977,32.69,27.35,0.03314551,47.113567,29.87,3.64,3.0807319,2.970366,24692066304,3463000064,7.13025291587,12.646,"""The Williams Companies, Inc."""
2017-10-14,WMT,86.62,0.2620932,86.95,65.28,0.023461092,20.812109,18.708424,2.96,0.5280509,3.4109077,258751266816,27958999040,9.25466846813,8.49,"""Wal-Mart Stores, Inc."""
2017-10-14,WRK,58.86,0.23366249,60.36,43.79,0.026826777,35.71602,16.17033,1.54,1.0250057,1.4548421,14771152896,1787800064,8.26219508179,9.694,"""WestRock Company"""
2017-10-14,WU,19.79,-0.0050403476,22.7,18.39,0.03394124,50.87404,11.055866,1.76,1.6908121,13.897472,9182461952,532300000,17.2505390795,8.492,"""The Western Union Company"""
2017-10-14,WY,34.9,0.094273925,35.5,28.58,0.03584851,27.437109,27.265627,6.53,3.8552878,2.89003,26277642240,720000000,36.4967253333,N/A,"""Weyerhaeuser Co."""
2017-10-14,WYN,110.37,0.6283593,110.62,62.6,0.019695451,20.325968,15.7897005,1.38,2.1641533,19.325863,11344491520,930000000,12.1983779785,N/A,"""Wyndham Worldwide Corporation"""
2017-10-14,WYNN,142.33,0.5119226,150.4,82.51,0.014208582,53.267216,23.56457,3.46,2.695893,53.068607,14598788096,1404151936,10.396872106,17.876,"""Wynn Resorts, Limited"""
2017-10-14,XEC,114.86,-0.16665459,146.96,89.49,0.002793296,41.13897,22.433594,0.43,6.7490788,4.6406207,10943631360,886239040,12.3483968388,11.365,"""Cimarex Energy Co."""
2017-10-14,XEL,48.61,0.20872581,50.56,38.0,0.02871206,21.461369,19.760162,N/A,2.1601646,2.2190268,24682360832,2919091968,8.45549270204,N/A,"""Xcel Energy Inc."""
2017-10-14,XL,41.51,0.18123722,47.27,33.22,0.030489305,13.57423,10.482323,-1.24,0.9712185,0.9688185,10707255296,590889984,18.1205564249,N/A,"""XL Group Ltd"""
2017-10-14,XLNX,72.81,0.45814884,73.32,48.97,0.01849041,31.115385,26.00357,3.11,7.5741696,7.1110454,18100711424,786403008,23.0170933222,N/A,"""Xilinx, Inc."""
2017-10-14,XOM,82.41,-0.047492504,93.22,76.05,0.036637146,29.708006,21.022959,1.81,1.6219292,1.94878,349180264448,27871000576,12.5284438029,13.634,"""Exxon Mobil Corporation"""
2017-10-14,XRAY,58.22,0.0013715029,65.68,52.54,0.0056497175,-16.98862,19.342194,3.04,3.4760547,1.8382167,13361606656,584000000,22.8794634521,17.934,"""DENTSPLY SIRONA Inc."""
2017-10-14,XRX,33.01,0.29712057,34.13,22.89855,0.034240294,-17.493376,9.22067,-88.55,0.80798835,1.6377256,8390151168,1400999936,5.98868775965,8.328,"""Xerox Corporation"""
2017-10-14,XYL,64.71,0.31869912,65.42,45.6,0.010326758,41.775337,23.790442,2.03,2.7489579,4.911575,11619845120,523000000,22.2176770937,18.492,"""Xylem Inc."""
2017-10-14,YUM,76.2,0.22548497,78.14,59.57,0.01845308,20.228298,23.887146,1.9,4.184058,N/A,26271700992,1056000000,24.8785047273,N/A,"""Yum! Brands, Inc."""
2017-10-14,ZBH,119.7,-0.047306955,133.49,95.63,0.007958219,34.09285,13.617747,1.78,3.1118674,2.3535194,24202860544,1695699968,14.2730795546,12.089,"""Zimmer Biomet Holdings, Inc."""
2017-10-14,ZION,46.6,0.5243068,48.33,30.47,0.0068493146,18.550955,14.746835,1.12,3.8325946,1.3113462,9421214720,970067008,9.7119215913,N/A,"""Zions Bancorporation"""
2017-10-14,ZTS,65.44,0.2974217,65.83,46.86,0.0061623785,36.992653,24.417912,2.06,6.3785353,18.686464,32007489536,824000000,38.844040699,N/A,"""Zoetis Inc."""
